Date,REF_CFP,REF_CFP_fiscal,CFP_from_CFPS_fiscal,CFP_from_CFOpToShareTtm,CFP_from_OperatingCFTtm_per_share,CFP_from_CF,CFP_from_OpCF,CFP_from_TTM_OpCFAct,CFP_from_TTM_OpCF,CFP_trial,CFP_self
2024-01-02,0.09325977890709253,,,,,0.10127798719247827,0.047973783406963386,,0.09137863506088265,0.09137863506088265,0.09137863506088265
2024-01-03,0.09525401317303003,,,,,0.10344368000036773,0.048999637894911026,,0.09333264360935434,0.09333264360935434,0.09333264360935434
2024-01-04,0.09386667551603164,,,,,0.10193706303104101,0.048285977225229954,,0.09197328995281896,0.09197328995281896,0.09197328995281896
2024-01-05,0.09349004996612234,,,,,0.10152805629665722,0.04809223719315342,,0.09160426132029223,0.09160426132029223,0.09160426132029223
2024-01-08,0.09386667551603164,,,,,0.10193706303104101,0.048285977225229954,,0.09197328995281896,0.09197328995281896,0.09197328995281896
2024-01-09,0.09421703324735113,,,,,0.10231754351513822,0.048466204822960206,,0.0923165806151623,0.0923165806151623,0.0923165806151623
2024-01-10,0.09474750137323587,,,,,0.10289361976889877,0.04873908304842573,,0.09283634866366806,0.09283634866366806,0.09283634866366806
2024-01-11,0.09439319473051892,,,,,0.10250885085732918,0.04855682409031382,,0.0924891887434549,0.0924891887434549,0.0924891887434549
2024-01-12,0.09325977890709253,,,,,0.10127798719247827,0.047973783406963386,,0.09137863506088265,0.09137863506088265,0.09137863506088265
2024-01-15,0.09372146098088995,,,,,0.10177936336669845,0.04821127738422558,,0.09183100454138206,0.09183100454138206,0.09183100454138206
2024-01-16,0.09263234308569891,,,,,0.1005966062388897,0.04765102400789512,,0.09076385525313357,0.09076385525313357,0.09076385525313357
2024-01-17,0.09395402043741817,,,,,0.1020319176182287,0.04833090834547676,,0.09205887303900334,0.09205887303900334,0.09205887303900334
2024-01-18,0.09540401949298777,,,,,0.10360658343343918,0.0490768026789975,,0.09347962415047144,0.09347962415047144,0.09347962415047144
2024-01-19,0.09721044990058873,,,,,0.10556832554594653,0.05000604894281677,,0.09524961703393671,0.09524961703393671,0.09524961703393671
2024-01-22,0.09721044990058873,,,,,0.10556832554594653,0.05000604894281677,,0.09524961703393671,0.09524961703393671,0.09524961703393671
2024-01-23,0.09552436514986946,,,,,0.10373727606470179,0.04913870971485874,,0.09359754231401665,0.09359754231401665,0.09359754231401665
2024-01-24,0.09424634781899022,,,,,0.1023493784695611,0.04848128453821315,,0.09234530388231077,0.09234530388231077,0.09234530388231077
2024-01-25,0.09492565399255294,,,,,0.10308708943941378,0.04883072657656442,,0.09301090776488462,0.09301090776488462,0.09301090776488462
2024-01-26,0.09325977890709253,,,,,0.10127798719247827,0.047973783406963386,,0.09137863506088265,0.09137863506088265,0.09137863506088265
2024-01-29,0.09220936435014805,,,,,0.10013726100492218,0.04743343942338419,,0.09034940842549369,0.09034940842549369,0.09034940842549369
2024-01-30,0.0928026231281354,,,,,0.1007815264709465,0.04773861780202729,,0.09093070057529007,0.09093070057529007,0.09093070057529007
2024-01-31,0.09451100214983937,,,,,0.10263678702064569,0.04861742543083216,,0.09260461986825173,0.09260461986825173,0.09260461986825173
2024-02-01,0.09418773690616793,,,,,0.10228572835857258,0.04845113448563964,,0.09228787521074218,0.09228787521074218,0.09228787521074218
2024-02-02,0.09561482382898842,,,,,0.10383551212158125,0.0491852425839069,,0.09368617635029887,0.09368617635029887,0.09368617635029887
2024-02-05,0.09613067657576509,,,,,0.1043957164078608,0.04945060250898669,,0.09419162382664131,0.09419162382664131,0.09419162382664131
2024-02-06,0.09570545399375499,,,,,0.10393393440795241,0.04923186366692483,,0.09377497841319014,0.09377497841319014,0.09377497841319014
2024-02-07,0.09619173130842626,,,,,0.10446202045130816,0.049482009687461755,,0.09425144702373668,0.09425144702373668,0.09425144702373668
2024-02-08,0.10919529988833283,,,,,0.1080251064034729,0.10694579387207419,,0.10699272050387412,0.10699272050387412,0.10699272050387412
2024-02-09,0.11227122382884923,,,,,0.11106806714723269,0.10995835144593542,,0.11000659995468746,0.11000659995468746,0.11000659995468746
2024-02-12,0.11099588196783998,,,,,0.10980639251126194,0.10870928259477236,,0.10875698302592408,0.10875698302592408,0.10875698302592408
2024-02-13,0.10986861149446324,,,,,0.10869120245311346,0.10760523474832563,,0.10765245073549032,0.10765245073549032,0.10765245073549032
2024-02-14,0.1104696432860084,,,,,0.10928579327616113,0.10819388482900574,,0.10824135910931684,0.10824135910931684,0.10824135910931684
2024-02-15,0.11165048355703465,,,,,0.1104539790502152,0.10935039889463095,,0.10939838064052591,0.10939838064052591,0.10939838064052591
2024-02-16,0.11087399776362929,,,,,0.10968581448141794,0.10858990929763315,,0.10863755734910205,0.10863755734910205,0.10863755734910205
2024-02-19,0.11083342915851996,,,,,0.10964568063052829,0.1085501764365656,,0.10859780705369441,0.10859780705369441,0.10859780705369441
2024-02-20,0.1099483709220454,,,,,0.10877010713728995,0.10768335107119192,,0.10773060133493531,0.10773060133493531,0.10773060133493531
2024-02-21,0.11014827705099461,,,,,0.10896787096844866,0.10787913898223046,,0.1079264751555443,0.1079264751555443,0.1079264751555443
2024-02-22,0.10974918909066488,,,,,0.10857305984175138,0.10748827253664267,,0.10753543720208217,0.10753543720208217,0.10753543720208217
2024-02-23,0.11256327086222034,,,,,0.11135698445307834,0.11024438208886428,,0.11029275610469967,0.11029275610469967,0.11029275610469967
2024-02-26,0.11539343310104194,,,,,0.11415681720504145,0.11301624083852715,,0.11306583111533211,0.11306583111533211,0.11306583111533211
2024-02-27,0.11387509845497552,,,,,0.11265475382076459,0.1115291850380202,,0.111578122811183,0.111578122811183,0.111578122811183
2024-02-28,0.11809269469404875,,,,,0.11682715211042255,0.11565989559498394,,0.11571064587826387,0.11571064587826387,0.11571064587826387
2024-02-29,0.11939604331503162,,,,,0.11811653337139685,0.11693639424561836,,0.11698770464239132,0.11698770464239132,0.11698770464239132
2024-03-01,0.11911433814008451,,,,,0.11783784709525513,0.11666049241098457,,0.11671168174508328,0.11671168174508328,0.11671168174508328
2024-03-04,0.1185110367979134,,,,,0.11986465806529352,0.11866705288045351,,0.11871912267109871,0.11871912267109871,0.11871912267109871
2024-03-05,0.11932242931727084,,,,,0.12068531822925245,0.1194795135727482,,0.11953193986216143,0.11953193986216143,0.11953193986216143
2024-03-06,0.11898698473686088,,,,,0.12034604223423045,0.11914362739001357,,0.11919590629628386,0.11919590629628386,0.11919590629628386
2024-03-07,0.1182744878222689,,,,,0.11962540725079193,0.11843019249546258,,0.11848215835438994,0.11848215835438994,0.11848215835438994
2024-03-08,0.11715207275396747,,,,,0.11849017206928977,0.11730629980274171,,0.11735777250998292,0.11735777250998292,0.11735777250998292
2024-03-11,0.1176171464846302,,,,,0.11896055782581731,0.1177719857884612,,0.11782366283356363,0.11782366283356363,0.11782366283356363
2024-03-12,0.11550783313636791,,,,,0.11682715211042255,0.11565989559498394,,0.11571064587826387,0.11571064587826387,0.11571064587826387
2024-03-13,0.11724479303315544,,,,,0.11858395139027852,0.11739914214528444,,0.11745065559071896,0.11745065559071896,0.11745065559071896
2024-03-14,0.1199504421031512,,,,,0.12132050411466956,0.12010835311786792,,0.12016105533512017,0.12016105533512017,0.12016105533512017
2024-03-15,0.11956319289539295,,,,,0.12092883178500154,0.11972059410860926,,0.11977312618149588,0.11977312618149588,0.11977312618149588
2024-03-18,0.11898698473686088,,,,,0.12034604223423045,0.11914362739001357,,0.11919590629628386,0.11919590629628386,0.11919590629628386
2024-03-19,0.11860592153514152,,,,,0.11996062656654675,0.11876206253047789,,0.11881417401030696,0.11881417401030696,0.11881417401030696
2024-03-20,0.1199990247042461,,,,,0.12136964162139886,0.12015699967644138,,0.12020972323926561,0.12020972323926561,0.12020972323926561
2024-03-21,0.12283482255173454,,,,,0.12423782966966576,0.12299653076332245,,0.12305050028098954,0.12305050028098954,0.12305050028098954
2024-03-22,0.12004764667535797,,,,,0.12141881894782569,0.12020568565686134,,0.12025843058255543,0.12025843058255543,0.12025843058255543
2024-03-25,0.1154178387202118,,,,,0.11673612978700187,0.11556978270398666,,0.11562049344672644,0.11562049344672644,0.11562049344672644
2024-03-26,0.11664472125778876,,,,,0.11797702565481646,0.11679828039414716,,0.1168495301880893,0.1168495301880893,0.1168495301880893
2024-03-27,0.11523826993184894,,,,,0.11655450998181012,0.11538997751891628,,0.11544060936512905,0.11544060936512905,0.11544060936512905
2024-03-28,0.11803888127282207,,,,,0.11938710962678638,0.11819427577734412,,0.11824613811862422,0.11824613811862422,0.11824613811862422
2024-04-02,0.11941861829697037,,,,,0.12078043836187093,0.11957368333045344,,0.09753728710456909,0.09753728710456909,0.09753728710456909
2024-04-03,0.11832172204264516,,,,,0.11967103337691763,0.11847536275673122,,0.0966413775185447,0.0966413775185447,0.0966413775185447
2024-04-04,0.1182744878222689,,,,,0.1196232605093021,0.1184280672027365,,0.09660279812632172,0.09660279812632172,0.09660279812632172
2024-04-05,0.11088233233337708,,,,,0.11214680672747072,0.11102631300256549,,0.09056512324342661,0.09056512324342661,0.09056512324342661
2024-04-08,0.10856635837111903,,,,,0.10980442197720841,0.10870733174893916,,0.08867351018923998,0.08867351018923998,0.08867351018923998
2024-04-09,0.1088855538385827,,,,,0.11012725746997491,0.10902694169160418,,0.08893421878222561,0.08893421878222561,0.08893421878222561
2024-04-10,0.10585122972303804,,,,,0.10705833068088666,0.10598867750727223,,0.0864558804238785,0.0864558804238785,0.0864558804238785
2024-04-11,0.10653635095101892,,,,,0.10775126486005097,0.10667468836492448,,0.08701546541044082,0.08701546541044082,0.08701546541044082
2024-04-12,0.10844714201858843,,,,,0.10968384611120123,0.1085879605940172,,0.08857613810630889,0.08857613810630889,0.08857613810630889
2024-04-15,0.11138255338149762,,,,,0.11265273217135403,0.11152718358753945,,0.09097368770918643,0.09097368770918643,0.09097368770918643
2024-04-16,0.1125247216083493,,,,,0.11380792539908917,0.1126708349194284,,0.09190657398649295,0.09190657398649295,0.09190657398649295
2024-04-17,0.11308305037968842,,,,,0.11437262121213808,0.113229888680479,,0.0923625989719221,0.0923625989719221,0.0923625989719221
2024-04-18,0.11483627596697031,,,,,0.1161458401456596,0.11498539083056393,,0.09379457725055655,0.09379457725055655,0.09379457725055655
2024-04-19,0.11519346500574786,,,,,0.1165071024789276,0.11534304367918156,,0.09408631777077602,0.09408631777077602,0.09408631777077602
2024-04-22,0.1129967932855773,,,,,0.1142853804636925,0.11314351958156177,,0.09229214695134856,0.09229214695134856,0.09229214695134856
2024-04-23,0.11303990537763582,,,,,0.11432898419526964,0.1131866876546566,,0.09232735952172297,0.09232735952172297,0.09232735952172297
2024-04-24,0.11461415551055454,,,,,0.11592118668309545,0.11476298195081429,,0.09361315640481079,0.09361315640481079,0.09361315640481079
2024-04-25,0.13173747976646677,,,,,0.13323978104748857,0.13190854083719653,,0.10759893699708134,0.10759893699708134,0.10759893699708134
2024-04-26,0.10900098805256672,,,,,0.1352239474620044,0.13387288282619808,,0.10920126773756132,0.10920126773756132,0.10920126773756132
2024-04-29,0.11203441072564374,,,,,0.13898713709452773,0.1375984732573539,,0.11224026405678846,0.11224026405678846,0.11224026405678846
2024-04-30,0.11318940465065037,,,,,0.14041999417797646,0.1390170142187699,,0.11339738018108524,0.11339738018108524,0.11339738018108524
2024-05-02,0.10885362303942678,,,,,0.13504113004767992,0.13369189199768136,,0.10905363195422979,0.10905363195422979,0.10905363195422979
2024-05-03,0.10944548687108646,,,,,0.1357753817742645,0.13441880758625055,,0.10964658328338736,0.10964658328338736,0.10964658328338736
2024-05-06,0.10702090807465128,,,,,0.13276750889490552,0.1314409873029929,,0.10721754953763221,0.10721754953763221,0.10721754953763221
2024-05-07,0.10924748508570231,,,,,0.13552974562451459,0.13417562566388735,,0.1094482176872166,0.1094482176872166,0.1094482176872166
2024-05-08,0.1106994452449532,,,,,0.1373310117212657,0.13595889474924608,,0.1109028456949752,0.1109028456949752,0.1109028456949752
2024-05-10,0.10759295747193219,,,,,0.13347717932106984,0.1321435671905813,,0.10779065002513849,0.10779065002513849,0.10779065002513849
2024-05-13,0.10725852110323619,,,,,0.1330622857796633,0.13173281897995337,,0.10745559915916338,0.10745559915916338,0.10745559915916338
2024-05-14,0.10890270041681152,,,,,0.1351020142361595,0.1337521678732439,,0.10910279950695938,0.10910279950695938,0.10910279950695938
2024-05-15,0.12793760038373309,,,,,0.15871624341938653,0.15713045992735963,,0.12817267442078173,0.12817267442078173,0.12817267442078173
2024-05-16,0.125478540012721,,,,,0.15566559354587103,0.15411029004823634,,0.12570909574360306,0.12570909574360306,0.12570909574360306
2024-05-17,0.1276671191989893,,,,,0.1583806911077176,0.15679826022349627,,0.12790169625075892,0.12790169625075892,0.12790169625075892
2024-05-20,0.12422020546386622,,,,,0.1541045346237088,0.1525648281526639,,0.12444844911619228,0.12444844911619228,0.12444844911619228
2024-05-21,0.12276807599719845,,,,,0.15230305848833633,0.15078135112724522,,0.1229936514899293,0.1229936514899293,0.1229936514899293
2024-05-22,0.12059220645256508,,,,,0.14960372819560747,0.14810899068539937,,0.12081378397725206,0.12081378397725206,0.12081378397725206
2024-05-23,0.12214725133981683,,,,,0.15153287867297183,0.15001886641863715,,0.1223716861220915,0.1223716861220915,0.1223716861220915
2024-05-24,0.12186992407895454,,,,,0.15118883328748828,0.14967825849790867,,0.12209384929688996,0.12209384929688996,0.12209384929688996
2024-05-27,0.1198740394662472,,,,,0.14871278787880982,0.14722695203119354,,0.12009429742254885,0.12009429742254885,0.12009429742254885
2024-05-28,0.12199302501236757,,,,,0.15134154928070795,0.14982944865800754,,0.12221717641739187,0.12221717641739187,0.12221717641739187
2024-05-29,0.12551114030890503,,,,,0.15570603667227942,0.15415032909475446,,0.1257417559399511,0.1257417559399511,0.1257417559399511
2024-05-30,0.1269958935459978,,,,,0.1575479850556266,0.15597387399729493,,0.12722923727993476,0.12722923727993476,0.12722923727993476
2024-05-31,0.12538084065636534,,,,,0.1555443901249944,0.15399029760854138,,0.12561121687331217,0.12561121687331217,0.12561121687331217
2024-06-03,0.12756598337707314,,,,,0.1582552244921055,0.15667404718397412,,0.12780037460070554,0.12780037460070554,0.12780037460070554
2024-06-04,0.1288933775477524,,,,,0.15990195708420585,0.15830432675712647,,0.12913020774089431,0.12913020774089431,0.12913020774089431
2024-06-05,0.12868736788731375,,,,,0.15964638656142874,0.15805130971915554,,0.12892381955590618,0.12892381955590618,0.12892381955590618
2024-06-06,0.12831138885762963,,,,,0.15917995621556535,0.15758953962435857,,0.12854714969797393,0.12854714969797393,0.12854714969797393
2024-06-07,0.12749864846898287,,,,,0.15817169045964727,0.15659134776608866,,0.12773291597067082,0.12773291597067082,0.12773291597067082
2024-06-10,0.13017849071651202,,,,,0.16149623690423162,0.15988267763021016,,0.13041768219155803,0.13041768219155803,0.13041768219155803
2024-06-11,0.13021357925848404,,,,,0.16153976688722466,0.15992577269156602,,0.1304528352056258,0.1304528352056258,0.1304528352056258
2024-06-12,0.13091934391571153,,,,,0.16241532117929636,0.16079257904761787,,0.1311598966430547,0.1311598966430547,0.1311598966430547
2024-06-13,0.1339690457706533,,,,,0.16619870636483736,0.1645381632517221,,0.13421520205570486,0.13421520205570486,0.13421520205570486
2024-06-14,0.13577638534260147,,,,,0.1684408474287812,0.16675790238496627,,0.13602586245443277,0.13602586245443277,0.13602586245443277
2024-06-17,0.13850125546128883,,,,,0.171821254343923,0.17010453460026087,,0.13875573928121324,0.13875573928121324,0.13875573928121324
2024-06-18,0.13685336516968158,,,,,0.16977692213926446,0.16808062795629178,,0.1371048211367909,0.1371048211367909,0.1371048211367909
2024-06-19,0.14520360055574855,,,,,0.18013601898154596,0.17833622383099185,,0.1454703993426125,0.1454703993426125,0.1454703993426125
2024-06-20,0.14171087681108116,,,,,0.17580303172531636,0.1740465288019096,,0.14197125802665642,0.14197125802665642,0.14197125802665642
2024-06-24,0.1439059812478331,,,,,0.17852622435257776,0.17674251316226092,,0.1441703957738671,0.1441703957738671,0.1441703957738671
2024-06-25,0.143308329590322,,,,,0.17778479239145759,0.17600848907911892,,0.14357164598423963,0.14357164598423963,0.14357164598423963
2024-06-26,0.14455187882973536,,,,,0.17932750902202377,0.17753579194665167,,0.1448174801355092,0.1448174801355092,0.1448174801355092
2024-06-27,0.14394886145678643,,,,,0.17857942048617503,0.17679517779669543,,0.1442133547714159,0.1442133547714159,0.1442133547714159
2024-06-28,0.14529094106736118,,,,,0.18024437147416647,0.17844349374006313,,0.1455579003346983,0.1455579003346983,0.1455579003346983
2024-07-01,0.14326583008569865,,,,,0.17773155933359508,0.1759557878893411,,0.11210522335029542,0.11210522335029542,0.11210522335029542
2024-07-02,0.1383426056841282,,,,,0.1716239456107911,0.16990919724022285,,0.10825281017674575,0.10825281017674575,0.10825281017674575
2024-07-03,0.13779018227295364,,,,,0.1709386246642563,0.1692307235490183,,0.10782053997067774,0.10782053997067774,0.10782053997067774
2024-07-04,0.13524422705738406,,,,,0.1677801842309302,0.16610384007918763,,0.10582833514479176,0.10582833514479176,0.10582833514479176
2024-07-05,0.13650533457162353,,,,,0.16934467874339718,0.16765270323901052,,0.1068151492334547,0.1068151492334547,0.1068151492334547
2024-07-08,0.1392197057778027,,,,,0.1727120513178336,0.17098643134376315,,0.10893913923262136,0.10893913923262136,0.10893913923262136
2024-07-09,0.1423371770916251,,,,,0.17657949854828597,0.1748152377026689,,0.11137855425374077,0.11137855425374077,0.11137855425374077
2024-07-10,0.14498570799789182,,,,,0.17986519149846417,0.17806810226976535,,0.11345102435089921,0.11345102435089921,0.11345102435089921
2024-07-11,0.14661377209377105,,,,,0.18188492202515405,0.18006765303880368,,0.11472498122524921,0.11472498122524921,0.11472498122524921
2024-07-12,0.1423371770916251,,,,,0.17657949854828597,0.1748152377026689,,0.11137855425374077,0.11137855425374077,0.11137855425374077
2024-07-15,0.14301136147098156,,,,,0.1774158727273187,0.17564325540641154,,0.11190610217205334,0.11190610217205334,0.11190610217205334
2024-07-16,0.142421102313967,,,,,0.1766836138186564,0.17491831272489922,,0.11144422557110735,0.11144422557110735,0.11144422557110735
2024-07-17,0.1392197057778027,,,,,0.1727120513178336,0.17098643134376315,,0.10893913923262136,0.10893913923262136,0.10893913923262136
2024-07-18,0.1360057373448693,,,,,0.1687248924754737,0.16703910944900285,,0.10642421541024666,0.10642421541024666,0.10642421541024666
2024-07-19,0.13881964915200443,,,,,0.17221575231979386,0.17049509102380983,,0.10862609572907937,0.10862609572907937,0.10862609572907937
2024-07-22,0.13962207486964623,,,,,0.17321121909620885,0.17148061178117288,,0.10925399223618386,0.10925399223618386,0.10925399223618386
2024-07-23,0.14171087681108116,,,,,0.17580252803545982,0.17404603014457556,,0.11088847554625876,0.11088847554625876,0.11088847554625876
2024-07-24,0.13962207486964623,,,,,0.17321121909620885,0.17148061178117288,,0.10925399223618386,0.10925399223618386,0.10925399223618386
2024-07-25,0.13334043031989384,,,,,0.1654183875442679,0.16376564083987255,,0.10433861803400392,0.10433861803400392,0.10433861803400392
2024-07-26,0.09895571823620515,,,,,0.15763040980349358,0.1560554752137975,,0.0994263054016823,0.0994263054016823,0.0994263054016823
2024-07-29,0.10040823078037142,,,,,0.15994417349156195,0.15834612136718929,,0.10088572541691918,0.10088572541691918,0.10088572541691918
2024-07-30,0.10251488848339278,,,,,0.16329995042857837,0.16166836969015208,,0.10300240139978097,0.10300240139978097,0.10300240139978097
2024-07-31,0.10081180083977805,,,,,0.1605870359252097,0.15898256076175193,,0.10129121466698718,0.10129121466698718,0.10129121466698718
2024-08-01,0.10206989710636233,,,,,0.1625911063681179,0.16096660791179007,,0.10255529385165388,0.10255529385165388,0.10255529385165388
2024-08-02,0.10450823353723655,,,,,0.16647522724246738,0.16481192132301617,,0.10500522587144338,0.10500522587144338,0.10500522587144338
2024-08-05,0.10734083901114164,,,,,0.1709873945999665,0.16927900620908937,,0.10785130189363658,0.10785130189363658,0.10785130189363658
2024-08-06,0.10482854297410192,,,,,0.16698546059428326,0.1653170567742709,,0.10532705855034721,0.10532705855034721,0.10532705855034721
2024-08-07,0.10416103010355805,,,,,0.16592215339780805,0.16426437341164404,,0.10465637130044192,0.10465637130044192,0.10465637130044192
2024-08-08,0.10162875222421706,,,,,0.16188838953886617,0.16027091214555866,,0.10211205109054461,0.10211205109054461,0.10211205109054461
2024-08-09,0.10173868056626599,,,,,0.16206349866762645,0.16044427170439649,,0.10222250220043164,0.10222250220043164,0.10222250220043164
2024-08-12,0.10333140366219484,,,,,0.16460060919332126,0.16295603316749746,,0.10382279954331124,0.10382279954331124,0.10382279954331124
2024-08-13,0.09716674605734774,,,,,0.15478068648576515,0.15323422437057288,,0.0976288257069205,0.0976288257069205,0.0976288257069205
2024-08-14,0.09792546609423507,,,,,0.15598928112256183,0.15443074356138942,,0.09839115386184179,0.09839115386184179,0.09839115386184179
2024-08-15,0.094839838854059,,,,,0.1510740655590831,0.14956463744967435,,0.09529085282006457,0.09529085282006457,0.09529085282006457
2024-08-16,0.0947920485598515,,,,,0.15099793854192053,0.1494892710412845,,0.09524283525754502,0.09524283525754502,0.09524283525754502
2024-08-19,0.09303403578982505,,,,,0.14819753166985228,0.14671684390772954,,0.09347646220009796,0.09347646220009796,0.09347646220009796
2024-08-20,0.09453006048594301,,,,,0.15058060755600067,0.14907610973941163,,0.09497960129075281,0.09497960129075281,0.09497960129075281
2024-08-21,0.09419870824588134,,,,,0.1500527836937613,0.14855355953000957,,0.09464667329424041,0.09464667329424041,0.09464667329424041
2024-08-22,0.09450631518062107,,,,,0.15054278273621768,0.14903866283920075,,0.09495574306385234,0.09495574306385234,0.09495574306385234
2024-08-23,0.09326466056867941,,,,,0.14856490284404625,0.14708054456193806,,0.09370818372265645,0.09370818372265645,0.09370818372265645
2024-08-26,0.09349643159394953,,,,,0.1489340999187084,0.1474460528734737,,0.09394105694264318,0.09394105694264318,0.09394105694264318
2024-08-27,0.09048331907985832,,,,,0.14413439588092417,0.14269430417577159,,0.09091361547311115,0.09091361547311115,0.09091361547311115
2024-08-28,0.09022293542783039,,,,,0.14371962064097904,0.14228367308461826,,0.09065199355808061,0.09065199355808061,0.09065199355808061
2024-08-29,0.08613315950871112,,,,,0.13720485761741819,0.13583400109039795,,0.08654276857536543,0.08654276857536543,0.08654276857536543
2024-08-30,0.08894317747849917,,,,,0.14168104446167437,0.14026546495575845,,0.08936614967782416,0.08936614967782416,0.08936614967782416
2024-09-02,0.09048331907985832,,,,,0.14413439588092417,0.14269430417577159,,0.09091361547311115,0.09091361547311115,0.09091361547311115
2024-09-03,0.0929880476357022,,,,,0.14812427535167638,0.14664431951627735,,0.09343025534779935,0.09343025534779935,0.09343025534779935
2024-09-04,0.09828360520743225,,,,,0.15655977483617622,0.15499553729437257,,0.09875099611734486,0.09875099611734486,0.09875099611734486
2024-09-05,0.09833498189598854,,,,,0.15664161476029342,0.15507655953028182,,0.09880261712942921,0.09880261712942921,0.09880261712942921
2024-09-06,0.10302016449453766,,,,,0.16410482422587144,0.16246520174229412,,0.10351008026757835,0.10351008026757835,0.10351008026757835
2024-09-09,0.1042187370454437,,,,,0.16601407702849932,0.16435537860466987,,0.10471435266958343,0.10471435266958343,0.10471435266958343
2024-09-10,0.10598018048846523,,,,,0.16881994875292466,0.1671332159895375,,0.10648417271470315,0.10648417271470315,0.10648417271470315
2024-09-11,0.11716899431144552,,,,,0.18664304517996966,0.18477823630110812,,0.11772619530899912,0.11772619530899912,0.11772619530899912
2024-09-12,0.12070248339238093,,,,,0.19227167727715194,0.19035063097942193,,0.1212764880132166,0.1212764880132166,0.1212764880132166
2024-09-13,0.1175717627293912,,,,,0.1872846306477758,0.1854134114883932,,0.1181308791053738,0.1181308791053738,0.1181308791053738
2024-09-16,0.11565620680419655,,,,,0.18423326716043117,0.1823925351253791,,0.11620621369111471,0.11620621369111471,0.11620621369111471
2024-09-17,0.11569177144343538,,,,,0.18428991945660594,0.1824486213907928,,0.1162419474591624,0.1162419474591624,0.1162419474591624
2024-09-18,0.1153017593423388,,,,,0.18366865402172314,0.18183356321264424,,0.11585008064272023,0.11585008064272023,0.11585008064272023
2024-09-19,0.11200644261210231,,,,,0.17841941591928626,0.17663677188534033,,0.11253909292563148,0.11253909292563148,0.11253909292563148
2024-09-20,0.11250886385587669,,,,,0.17921974224667542,0.17742910190276862,,0.11304390345011847,0.11304390345011847,0.11304390345011847
2024-09-23,0.11445988461638326,,,,,0.1823275990486409,0.18050590713807674,,0.11500420235387776,0.11500420235387776,0.11500420235387776
2024-09-24,0.11247522891899898,,,,,0.17916616384839537,0.17737605882297702,,0.11301010856119466,0.11301010856119466,0.11301010856119466
2024-09-25,0.11425133335379643,,,,,0.18199538963646603,0.1801770169337559,,0.11479465931891776,0.11479465931891776,0.11479465931891776
2024-09-26,0.11298187409430979,,,,,0.1799732186405053,0.17817505007893641,,0.11351916310426312,0.11351916310426312,0.11351916310426312
2024-09-27,0.10940088419134975,,,,,0.17426892063765123,0.17252774549661476,,0.10992114368630304,0.10992114368630304,0.10992114368630304
2024-09-30,0.10792588661332515,,,,,0.17191933966519868,0.17020163992049864,,0.07311426304614661,0.07311426304614661,0.07311426304614661
2024-10-01,0.11421664867457547,,,,,0.1819401390628059,0.18012231838581003,,0.07737593229473805,0.07737593229473805,0.07737593229473805
2024-10-02,0.11220687167731924,,,,,0.17873868716757607,0.17695285319500692,,0.07601441126718374,0.07601441126718374,0.07601441126718374
2024-10-03,0.1116739806275013,,,,,0.17788982430183517,0.17611247158292023,,0.07565340486164059,0.07565340486164059,0.07565340486164059
2024-10-04,0.10940088419134975,,,,,0.17426892063765123,0.17252774549661476,,0.07411349839455281,0.07411349839455281,0.07411349839455281
2024-10-07,0.10889425202143323,,,,,0.1734618865623394,0.1717287747504655,,0.07377028103585155,0.07377028103585155,0.07377028103585155
2024-10-08,0.11421664867457547,,,,,0.1819401390628059,0.18012231838581003,,0.07737593229473805,0.07737593229473805,0.07737593229473805
2024-10-09,0.11400898204062165,,,,,0.18160933880996444,0.17979482326147217,,0.07723524878147488,0.07723524878147488,0.07723524878147488
2024-10-10,0.11220687167731924,,,,,0.17873868716757607,0.17695285319500692,,0.07601441126718374,0.07601441126718374,0.07601441126718374
2024-10-11,0.10975193720363234,,,,,0.17482812662569502,0.17308136428321416,,0.07435131883864267,0.07435131883864267,0.07435131883864267
2024-10-14,0.11068833207827347,,,,,0.1763197464174412,0.17455808083638075,,0.07498567842861638,0.07498567842861638,0.07498567842861638
2024-10-15,0.11619198293207282,,,,,0.18508672577914842,0.18323746657284068,,0.07871412012935981,0.07871412012935981,0.07871412012935981
2024-10-16,0.1175717627293912,,,,,0.1872846306477758,0.1854134114883932,,0.07964885030589597,0.07964885030589597,0.07964885030589597
2024-10-17,0.11790336594611459,,,,,0.18781285430049596,0.18593635749384463,,0.0798734945092031,0.0798734945092031,0.0798734945092031
2024-10-18,0.12303127558340472,,,,,0.19598130087406235,0.19402319056993403,,0.08334739077137578,0.08334739077137578,0.08334739077137578
2024-10-21,0.12445571972677857,,,,,0.19825035331554172,0.196269572200747,,0.08431237875582769,0.08431237875582769,0.08431237875582769
2024-10-22,0.12235110267774037,,,,,0.19489782701557157,0.19295054203670187,,0.08288660844841206,0.08288660844841206,0.08288660844841206
2024-10-23,0.1234349215006732,,,,,0.19662428414464653,0.19465974959411358,,0.08362084021616374,0.08362084021616374,0.08362084021616374
2024-10-24,0.13072607391732155,,,,,0.20823864422268332,0.20615806697806052,,0.08856022271677105,0.08856022271677105,0.08856022271677105
2024-10-25,0.08561409375929355,,,,,0.2026067674350516,0.20058246002801158,,0.0861650848474872,0.0861650848474872,0.0861650848474872
2024-10-28,0.08475451450468253,,,,,0.2005725629427318,0.1985685799072484,,0.08529997355383773,0.08529997355383773,0.08529997355383773
2024-10-29,0.08377323497849483,,,,,0.19825035331554172,0.196269572200747,,0.08431237875582769,0.08431237875582769,0.08431237875582769
2024-10-30,0.08622624764725614,,,,,0.20405543686512856,0.20201665534996874,,0.08678117840615154,0.08678117840615154,0.08678117840615154
2024-10-31,0.08625561626021461,,,,,0.20412493803572296,0.20208546211269013,,0.08681073602822449,0.08681073602822449,0.08681073602822449
2024-11-01,0.0904774881529087,,,,,0.2141160479002796,0.21197674768233593,,0.09105977884203899,0.09105977884203899,0.09105977884203899
2024-11-04,0.08986745540808737,,,,,0.2126723981805829,0.21054752191726692,,0.09044582007766754,0.09044582007766754,0.09044582007766754
2024-11-05,0.08999519877042991,,,,,0.21297470436136554,0.21084680766270725,,0.09057438556462939,0.09057438556462939,0.09057438556462939
2024-11-06,0.09714096253931334,,,,,0.22988523899995497,0.22758838387528124,,0.09776613769806947,0.09776613769806947,0.09776613769806947
2024-11-07,0.09542068174076472,,,,,0.22581417410432653,0.22355799425880113,,0.09603478559866885,0.09603478559866885,0.09603478559866885
2024-11-08,0.09869309795011338,,,,,0.23355838584290048,0.23122483116245449,,0.09932826226768009,0.09932826226768009,0.09932826226768009
2024-11-11,0.09654841377811262,,,,,0.22848296533468646,0.22620012076357537,,0.09716977543990359,0.09716977543990359,0.09716977543990359
2024-11-12,0.09815755400774814,,,,,0.23229101475693123,0.22997012277630163,,0.09878927169723531,0.09878927169723531,0.09878927169723531
2024-11-13,0.09491997351573887,,,,,0.22462924215625285,0.22238490133540412,,0.09553085493960536,0.09553085493960536,0.09553085493960536
2024-11-14,0.09198928054485679,,,,,0.21769372251103616,0.21551867663017005,,0.0925813007551279,0.0925813007551279,0.0925813007551279
2024-11-15,0.09195587848220395,,,,,0.2176146761339443,0.2154404200300865,,0.09254768372507884,0.09254768372507884,0.09254768372507884
2024-11-18,0.0910958594748167,,,,,0.21557943096146856,0.2134255096269274,,0.09168212984851334,0.09168212984851334,0.09168212984851334
2024-11-19,0.0926963723792055,,,,,0.21936706371628206,0.21717529896151472,,0.093292943257272,0.093292943257272,0.093292943257272
2024-11-20,0.0909649746192496,,,,,0.2152696903997423,0.21311886377976227,,0.09155040265045514,0.09155040265045514,0.09155040265045514
2024-11-21,0.08907720342595486,,,,,0.21080225750013457,0.20869606639565888,,0.0896504822296402,0.0896504822296402,0.0896504822296402
2024-11-22,0.08870279836777269,,,,,0.20991622349312875,0.20781888503077345,,0.08927366759329845,0.08927366759329845,0.08927366759329845
2024-11-25,0.08932856766842717,,,,,0.21139711395868874,0.2092849794577983,,0.08990346419007657,0.08990346419007657,0.08990346419007657
2024-11-26,0.08999519877042991,,,,,0.21297470436136554,0.21084680766270725,,0.09057438556462939,0.09057438556462939,0.09057438556462939
2024-11-27,0.08920270846776734,,,,,0.21109926666885614,0.20899010805313778,,0.08977679499079504,0.08977679499079504,0.08977679499079504
2024-11-28,0.08892081788623292,,,,,0.21043216926716382,0.20832967582965525,,0.08949309023134379,0.08949309023134379,0.08949309023134379
2024-11-29,0.08790228717111749,,,,,0.20802180425993844,0.2059433935310164,,0.08846800450498685,0.08846800450498685,0.08846800450498685
2024-12-02,0.08793280879860782,,,,,0.20809403405308424,0.2060149016537702,,0.08849872256210663,0.08849872256210663,0.08849872256210663
2024-12-03,0.09054218424740479,,,,,0.2142691519745737,0.21212832204607016,,0.09112489130456457,0.09112489130456457,0.09112489130456457
2024-12-04,0.09358702488543647,,,,,0.22147480342678588,0.2192619795871612,,0.09418932778228645,0.09418932778228645,0.09418932778228645
2024-12-05,0.09610872460720718,,,,,0.2274424357012837,0.22516998738628394,,0.09672725653846949,0.09672725653846949,0.09672725653846949
2024-12-09,0.09563689174470968,,,,,0.22632583764081668,0.22406454560530897,,0.09625238707661143,0.09625238707661143,0.09625238707661143
2024-12-10,0.09542068174076472,,,,,0.22581417410432653,0.22355799425880113,,0.09603478559866885,0.09603478559866885,0.09603478559866885
2024-12-11,0.09618172781617572,,,,,0.22761519866041877,0.22534102421680904,,0.09680072957799739,0.09680072957799739,0.09680072957799739
2024-12-12,0.09830997256987178,,,,,0.23265171509040472,0.23032721924023997,,0.0989426711874484,0.0989426711874484,0.0989426711874484
2024-12-13,0.10013700646104808,,,,,0.23697541244479345,0.23460771718578816,,0.10078146341592215,0.10078146341592215,0.10078146341592215
2024-12-16,0.10282033671944397,,,,,0.24332554529958694,0.24089440388260586,,0.10348206292280435,0.10348206292280435,0.10348206292280435
2024-12-17,0.10345036329247971,,,,,0.24481651065068732,0.2423704725338473,,0.10411614419071369,0.10411614419071369,0.10411614419071369
2024-12-18,0.10845674061669824,,,,,0.2566641619155814,0.2540997502196395,,0.10915474131857263,0.10915474131857263,0.10915474131857263
2024-12-19,0.11053971599301206,,,,,0.26159354782753497,0.25897988509945796,,0.111251122208148,0.111251122208148,0.111251122208148
2024-12-20,0.1128046723117998,,,,,0.2669535937963842,0.2642863771772197,,0.1135306552244397,0.1135306552244397,0.1135306552244397
2024-12-23,0.11351254564768738,,,,,0.2686287844342818,0.2659448304629575,,0.11424308425767239,0.11424308425767239,0.11424308425767239
2024-12-27,0.10744441635129007,,,,,0.25426848454513473,0.2517280088090192,,0.10813590198509423,0.10813590198509423,0.10813590198509423
2024-12-30,0.10443154199587236,,,,,0.24713848167953922,0.2446692440259209,,0.1051036375170586,0.1051036375170586,0.1051036375170586
2025-01-02,0.10166458825370957,,,,,0.24059045285944705,0.2381866386041181,,0.12552090959348217,0.12552090959348217,0.12552090959348217
2025-01-03,0.09695501123276773,,,,,0.22944518302943437,0.22715272464121675,,0.11970619670649466,0.11970619670649466,0.11970619670649466
2025-01-07,0.09542068174076472,,,,,0.22581417410432653,0.22355799425880113,,0.11781182584678375,0.11781182584678375,0.11781182584678375
2025-01-08,0.09888578263959062,,,,,0.23401437644392137,0.23167626581915587,,0.12209003740623353,0.12209003740623353,0.12209003740623353
2025-01-09,0.09966410442345203,,,,,0.23585628416878496,0.2334997704694444,,0.12305099795252422,0.12305099795252422,0.12305099795252422
2025-01-10,0.10302949118795376,,,,,0.24382051182786113,0.24138442504591467,,0.12720609674424901,0.12720609674424901,0.12720609674424901
2025-01-13,0.09970334225983866,,,,,0.23594914097357583,0.23359169951293632,,0.12309944322730869,0.12309944322730869,0.12309944322730869
2025-01-14,0.10045477562078166,,,,,0.2377274169269665,0.2353522081566276,,0.12402720579030704,0.12402720579030704,0.12402720579030704
2025-01-15,0.09695501123276773,,,,,0.22944518302943437,0.22715272464121675,,0.11970619670649466,0.11970619670649466,0.11970619670649466
2025-01-16,0.10093522891191332,,,,,0.2388644153339508,0.23647784645789485,,0.12462040087579276,0.12462040087579276,0.12462040087579276
2025-01-17,0.1000183607187956,,,,,0.23669463588976405,0.234329745956895,,0.12348838301633651,0.12348838301633651,0.12348838301633651
2025-01-20,0.09954657599842401,,,,,0.23557815175820856,0.2332244169665323,,0.12290589064361794,0.12290589064361794,0.12290589064361794
2025-01-21,0.0983863594949454,,,,,0.23283248565380055,0.2305061836685541,,0.121473421055697,0.121473421055697,0.121473421055697
2025-01-22,0.09935131005884272,,,,,0.2351160525982278,0.23276693478338886,,0.12266480415745942,0.12266480415745942,0.12266480415745942
2025-01-23,0.09762779080184639,,,,,0.2310373238523063,0.22872895788853437,,0.1205368488039183,0.1205368488039183,0.1205368488039183
2025-01-24,0.09691790636815562,,,,,0.22935737392762442,0.2270657928675309,,0.11966038492053734,0.11966038492053734,0.11966038492053734
2025-01-27,0.09732762849346292,,,,,0.23032698619249908,0.2280257174338425,,0.12016625126724215,0.12016625126724215,0.12016625126724215
2025-01-28,0.09873157479141895,,,,,0.23364944174381388,0.2313149772954613,,0.12189964358571699,0.12189964358571699,0.12189964358571699
2025-01-29,0.10166458825370957,,,,,0.24059045285944705,0.2381866386041181,,0.12552090959348217,0.12552090959348217,0.12552090959348217
2025-01-30,0.10211551989515752,,,,,0.24165758793261394,0.2392431115979267,,0.12607765556345324,0.12607765556345324,0.12607765556345324
2025-01-31,0.10349263969758499,,,,,0.24491655826435743,0.2424695205406041,,0.1277779263577295,0.1277779263577295,0.1277779263577295
2025-02-03,0.10663010077473281,,,,,0.252341397083319,0.24982017547909818,,0.13165161507257434,0.13165161507257434,0.13165161507257434
2025-02-04,0.10631674615448806,,,,,0.2515998396611598,0.24908602718843753,,0.13126472955388918,0.13126472955388918,0.13126472955388918
2025-02-05,0.10776446354893214,,,,,0.2550258800310139,0.2524778369203652,,0.13305216416909108,0.13305216416909108,0.13305216416909108
2025-02-06,0.1080403111518731,,,,,0.25567867665225363,0.25312411124695317,,0.133392741381128,0.133392741381128,0.133392741381128
2025-02-07,0.10827126521590014,,,,,0.2562252321816514,0.25366520596958453,,0.13367789046488415,0.13367789046488415,0.13367789046488415
2025-02-10,0.10671997022334194,,,,,0.25255407419843345,0.25003072767082096,,0.13176257302880912,0.13176257302880912,0.13176257302880912
2025-02-11,0.10958307630462587,,,,,0.25932964866849095,0.2567386052630282,,0.13529752738959933,0.13529752738959933,0.13529752738959933
2025-02-12,0.11107302164034669,,,,,0.26285562196179063,0.26022934945739395,,0.1371370990339316,0.1371370990339316,0.1371370990339316
2025-02-13,0.12414043595097575,,,,,0.11294315130800608,0.1509737265507019,,0.15327087539086473,0.15327087539086473,0.15327087539086473
2025-02-14,0.12093910665711106,,,,,0.11003057720550734,0.14708042128148607,,0.14931833132634387,0.14931833132634387,0.14931833132634387
2025-02-17,0.13116143015329942,,,,,0.11933086216507789,0.1595123276172736,,0.16193939600029214,0.16193939600029214,0.16193939600029214
2025-02-18,0.13148831222221724,,,,,0.11962825995240517,0.15990986612846927,,0.16234298328004362,0.16234298328004362,0.16234298328004362
2025-02-19,0.13902420363416257,,,,,0.12648442504849164,0.16907466082753175,,0.17164722540478922,0.17164722540478922,0.17164722540478922
2025-02-20,0.14116303753622664,,,,,0.12843033928000688,0.17167580945564762,,0.17428795194947827,0.17428795194947827,0.17428795194947827
2025-02-21,0.14151010803530983,,,,,0.1287461045308071,0.17209790018072857,,0.1747164650186433,0.1747164650186433,0.1747164650186433
2025-02-24,0.14135213738557184,,,,,0.12860238260121254,0.17190578374828747,,0.17452142542831214,0.17452142542831214,0.17452142542831214
2025-02-25,0.137633961597821,,,,,0.12521958079800674,0.16738391421925644,,0.16993075315074135,0.16993075315074135,0.16993075315074135
2025-02-26,0.13686040279938952,,,,,0.12451579586485753,0.16644314859675305,,0.16897567325841117,0.16897567325841117,0.16897567325841117
2025-02-27,0.14405374820249744,,,,,0.13106031209802754,0.17519135504177014,,0.1778569885081707,0.1778569885081707,0.1778569885081707
2025-02-28,0.14727057998371157,,,,,0.13398699038632958,0.17910351370285638,,0.181828672829358,0.181828672829358,0.181828672829358
2025-03-03,0.17746819860168242,,,,,0.13293562697226655,0.17769813187366248,,0.18040190733750522,0.18040190733750522,0.18040190733750522
2025-03-04,0.17791987610853546,,,,,0.13327396382943799,0.178150394587825,,0.1808610514792712,0.1808610514792712,0.1808610514792712
2025-03-05,0.17326942418681626,,,,,0.12979046229626656,0.1734939173971563,,0.17613372340996172,0.17613372340996172,0.17613372340996172
2025-03-06,0.1692274877951343,,,,,0.1267627798571371,0.1694467441480149,,0.17202497017900753,0.17202497017900753,0.17202497017900753
2025-03-07,0.17114838738951504,,,,,0.1282016629581195,0.17137013251915859,,0.17397762396915425,0.17397762396915425,0.17397762396915425
2025-03-10,0.16544098634705046,,,,,0.12392643538529066,0.1656553367918631,,0.16817587446071647,0.16817587446071647,0.16817587446071647
2025-03-11,0.1685967341681847,,,,,0.12629030293155688,0.16881517329721105,,0.1713837896280224,0.1713837896280224,0.1713837896280224
2025-03-12,0.17027672819776138,,,,,0.12754873154801394,0.1704973439788706,,0.17309155546798277,0.17309155546798277,0.17309155546798277
2025-03-13,0.17476584194115688,,,,,0.13091137992518884,0.17499227395649536,,0.17765487829395685,0.17765487829395685,0.17765487829395685
2025-03-14,0.17050326043039685,,,,,0.12771841943920864,0.17072416971365403,,0.17332183248190913,0.17332183248190913,0.17332183248190913
2025-03-17,0.16205894721624656,,,,,0.12139306041534899,0.16226891578684502,,0.1647379271851233,0.1647379271851233,0.1647379271851233
2025-03-18,0.15767268905907114,,,,,0.11810745779594647,0.15787697465831035,,0.16027916024060082,0.16027916024060082,0.16027916024060082
2025-03-19,0.15927292968953813,,,,,0.11930614574789374,0.15947928860989635,,0.1619058542861247,0.1619058542861247,0.1619058542861247
2025-03-20,0.16165013759535207,,,,,0.12108683449039963,0.1618595764995963,,0.16432235957397734,0.16432235957397734,0.16432235957397734
2025-03-21,0.16554783736083764,,,,,0.12400647398726179,0.1657623262451194,,0.16828449181774172,0.16828449181774172,0.16828449181774172
2025-03-24,0.1682647055888601,,,,,0.12604159117523653,0.16848271453141786,,0.17104627231803285,0.17104627231803285,0.17104627231803285
2025-03-25,0.17303548707045227,,,,,0.12961522764870184,0.17325967718464888,,0.17589591910292757,0.17589591910292757,0.17589591910292757
2025-03-26,0.17681529191563342,,,,,0.13244655591419427,0.17704437926157268,,0.17973820751745462,0.17973820751745462,0.17973820751745462
2025-03-27,0.17149190556224148,,,,,0.12845898119331645,0.17171409576462526,,0.17432682080584525,0.17432682080584525,0.17432682080584525
2025-03-28,0.1756841911220221,,,,,0.1315992852800619,0.175911812978885,,0.17858840861169983,0.17858840861169983,0.17858840861169983
2025-03-31,0.18021319534593153,,,,,0.13498691608506797,0.18044013754648067,,0.19584542401494606,0.19584542401494606,0.19584542401494606
2025-04-01,0.18183251467039274,,,,,0.13619985124970088,0.18206149607728378,,0.19760520791482025,0.19760520791482025,0.19760520791482025
2025-04-02,0.18308802489073592,,,,,0.13714027879404406,0.18331858735972217,,0.19896962482661307,0.19896962482661307,0.19896962482661307
2025-04-03,0.1932084684776609,,,,,0.1447208972198455,0.19345177560573695,,0.20996794579692837,0.20996794579692837,0.20996794579692837
2025-04-04,0.19885433269746305,,,,,0.1489498761145552,0.1991047496536936,,0.21610354907467672,0.21610354907467672,0.21610354907467672
2025-04-07,0.20726946214045583,,,,,0.15525314580457816,0.20753047625628926,,0.22524863187918462,0.22524863187918462,0.22524863187918462
2025-04-08,0.21312907553799607,,,,,0.15964223141213554,0.21339746865599588,,0.231616525574217,0.231616525574217,0.231616525574217
2025-04-09,0.21845730242644626,,,,,0.16363328719743891,0.21873240537239577,,0.2374069387135724,0.2374069387135724,0.2374069387135724
2025-04-10,0.21759188017574702,,,,,0.16298505119835457,0.21786589329678357,,0.2364664471623585,0.2364664471623585,0.2364664471623585
2025-04-11,0.20992893926865694,,,,,0.15724520091045183,0.2101933024599599,,0.22813879996499453,0.22813879996499453,0.22813879996499453
2025-04-14,0.2056068728719492,,,,,0.15400779971523662,0.2058657932916666,,0.22344182467159757,0.22344182467159757,0.22344182467159757
2025-04-15,0.21142966855680229,,,,,0.1583693073783297,0.21169592161419662,,0.22976970697601728,0.22976970697601728,0.22976970697601728
2025-04-16,0.20418738835398048,,,,,0.15294454884094133,0.204444521219021,,0.2218992098438064,0.2218992098438064,0.2218992098438064
2025-04-17,0.2042416213920558,,,,,0.15298517156307703,0.20449882255267812,,0.22195814721693888,0.22195814721693888,0.22195814721693888
2025-04-22,0.19581606940185653,,,,,0.14667409496689204,0.19606266027777772,,0.21280173778247388,0.21280173778247388,0.21280173778247388
2025-04-23,0.1923385954329892,,,,,0.14406932739744496,0.1925808071312739,,0.20902261737663203,0.20902261737663203,0.20902261737663203
2025-04-24,0.19062213796259062,,,,,0.14278363186291151,0.19086218812861505,,0.20715726927907163,0.20715726927907163,0.20715726927907163
2025-04-25,0.19277255064955895,,,,,0.14439437727124219,0.19301530882698248,,0.20949421515963274,0.20949421515963274,0.20949421515963274
2025-04-28,0.1934514979977585,,,,,0.14490293608427296,0.19369511117253663,,0.2102320564205723,0.2102320564205723,0.2102320564205723
2025-04-29,0.17280218079575066,,,,,0.12943576874943483,0.17301979031704115,,0.18779155601612918,0.18779155601612918,0.18779155601612918
2025-04-30,0.17975558912706094,,,,,0.12581676953582022,0.1681821902382772,,0.1825409402079019,0.1825409402079019,0.1825409402079019
2025-05-02,0.17636542799478916,,,,,0.12344388575546185,0.16501030152396765,,0.1790982478079243,0.1790982478079243,0.1790982478079243
2025-05-05,0.17412634088524867,,,,,0.12187667603364051,0.16291537598621098,,0.17682446556745132,0.17682446556745132,0.17682446556745132
2025-05-06,0.17948115311312687,,,,,0.12562468286477319,0.16792542353562337,,0.18226225174956923,0.18226225174956923,0.18226225174956923
2025-05-07,0.18618124140807363,,,,,0.1303142920667387,0.17419413278525636,,0.18906615933750565,0.18906615933750565,0.18906615933750565
2025-05-08,0.1867728295559888,,,,,0.13072836380730482,0.1747476320723634,,0.18966691426958124,0.18966691426958124,0.18966691426958124
2025-05-09,0.18262784887343234,,,,,0.12782715733133268,0.17086952217284357,,0.1854577062298657,0.1854577062298657,0.1854577062298657
2025-05-12,0.17233949466464632,,,,,0.12062600438429005,0.16124357422216398,,0.1750099317846649,0.1750099317846649,0.1750099317846649
2025-05-13,0.16698885694474153,,,,,0.1168809194267421,0.15623743240885413,,0.16957638479540887,0.16957638479540887,0.16957638479540887
2025-05-14,0.1715133570286965,,,,,0.12004776384639121,0.16047062670088227,,0.17417099297035743,0.17417099297035743,0.17417099297035743
2025-05-15,0.1769722767792872,,,,,0.12386863891074947,0.16557807890555548,,0.17971449984339244,0.17971449984339244,0.17971449984339244
2025-05-16,0.17291890880934765,,,,,0.12103155514498529,0.16178568331809898,,0.1755983240747583,0.1755983240747583,0.1755983240747583
2025-05-19,0.17420006075861266,,,,,0.12192827496506879,0.16298434947308066,,0.17689932774593034,0.17689932774593034,0.17689932774593034
2025-05-20,0.1667857898304998,,,,,0.11673878616436664,0.15604743958468445,,0.1693701711130472,0.1693701711130472,0.1693701711130472
2025-05-21,0.17889588848340993,,,,,0.12521503715977936,0.16737784063278982,,0.18166791831995108,0.18166791831995108,0.18166791831995108
2025-05-22,0.17952030694233997,,,,,0.12565208790030216,0.16796205648142085,,0.18230201227569262,0.18230201227569262,0.18230201227569262
2025-05-23,0.18381083024875705,,,,,0.12865516438127875,0.1719763383763308,,0.18665901815317731,0.18665901815317731,0.18665901815317731
2025-05-26,0.18003086568008891,,,,,0.12600944452745244,0.168439743362685,,0.1828204822296598,0.1828204822296598,0.1828204822296598
2025-05-27,0.1769722767792872,,,,,0.12386863891074947,0.16557807890555548,,0.17971449984339244,0.17971449984339244,0.17971449984339244
2025-05-28,0.17827579874863225,,,,,0.12478101623374893,0.16679767480737287,,0.18103822016286286,0.18103822016286286,0.18103822016286286
2025-05-30,0.17416319302088604,,,,,0.12190247003915028,0.16294985543086415,,0.1768618887347672,0.1768618887347672,0.1768618887347672
2025-06-02,0.1739055551613874,,,,,0.12172214094145921,0.1627088053488658,,0.17660025872184593,0.17660025872184593,0.17660025872184593
2025-06-03,0.17565017866033855,,,,,0.12294325953788368,0.16434110286250442,,0.17837191553292955,0.17837191553292955,0.17837191553292955
2025-06-04,0.1723755942655396,,,,,0.12065127166631441,0.16127734958333328,,0.1750465907565511,0.1750465907565511,0.1750465907565511
2025-06-05,0.1750895929837628,,,,,0.12255088743297553,0.16381660998102832,,0.17780264346207977,0.17780264346207977,0.17780264346207977
2025-06-06,0.17244783885659798,,,,,0.1207018379997873,0.16134494277259703,,0.17511995479291176,0.17511995479291176,0.17511995479291176
2025-06-09,0.16604541707499704,,,,,0.11622057524918987,0.15535473505061198,,0.16861832612424835,0.16861832612424835,0.16861832612424835
2025-06-10,0.1515508447557432,,,,,0.10607535376334899,0.1417933824881829,,0.1538991573244521,0.1538991573244521,0.1538991573244521
2025-06-11,0.15274637346147293,,,,,0.10691214309698098,0.1429119381737045,,0.15511321100172157,0.15511321100172157,0.15511321100172157
2025-06-12,0.15360169613134592,,,,,0.10751081118711807,0.1437121916772437,,0.15598178707825944,0.15598178707825944,0.15598178707825944
2025-06-13,0.15833017547353262,,,,,0.11082042730831843,0.1481362322098765,,0.1607835352134247,0.1607835352134247,0.1607835352134247
2025-06-16,0.15232227432182988,,,,,0.10661530234798428,0.14251514426854847,,0.15468254035571957,0.15468254035571957,0.15468254035571957
2025-06-17,0.15044261188732833,,,,,0.10529966561882725,0.1407565021774832,,0.15277375215206124,0.15277375215206124,0.15277375215206124
2025-06-18,0.14881032315075682,,,,,0.1041571737676284,0.13922930685548518,,0.15111617075438966,0.15111617075438966,0.15111617075438966
2025-06-19,0.14349103522644904,,,,,0.10043403154925631,0.13425249640990986,,0.14571445933248037,0.14571445933248037,0.14571445933248037
2025-06-23,0.14049015570186704,,,,,0.09833361859752199,0.13144482576369323,,0.14266708054148952,0.14266708054148952,0.14266708054148952
2025-06-24,0.1437416745892901,,,,,0.10060946217204979,0.1344869985870451,,0.1459689824055502,0.1459689824055502,0.1459689824055502
2025-06-25,0.14299236959577505,,,,,0.1000849992936551,0.13378593690891974,,0.14520806677181144,0.14520806677181144,0.14520806677181144
2025-06-26,0.14079060513664424,,,,,0.09854391290589992,0.13172593103692612,,0.1429721855041531,0.1429721855041531,0.1429721855041531
2025-06-27,0.14367893269728255,,,,,0.10056554708598604,0.13442829627426156,,0.14590526831458314,0.14590526831458314,0.14590526831458314
2025-06-30,0.14286824427494554,,,,,0.09999811995399047,0.13366980328313074,,0.19321670635177818,0.19321670635177818,0.19321670635177818
2025-07-01,0.13918327053254725,,,,,0.09741888726173109,0.13022208319844958,,0.18823310420063297,0.18823310420063297,0.18823310420063297
2025-07-02,0.1372106856229572,,,,,0.09603821107711298,0.12837650136070583,,0.18556535699645557,0.18556535699645557,0.18556535699645557
2025-07-03,0.132090062122582,,,,,0.09245412053531059,0.12358556451217224,,0.17864016510212555,0.17864016510212555,0.17864016510212555
2025-07-04,0.13435446318754046,,,,,0.09403904831591592,0.12570417418952376,,0.1817025679324477,0.1817025679324477,0.1817025679324477
2025-07-07,0.13451918055148113,,,,,0.09415433934368371,0.1258582863769241,,0.18192533364711766,0.18192533364711766,0.18192533364711766
2025-07-08,0.13235562316424374,,,,,0.0926399953252891,0.12383402764951075,,0.17899931300140606,0.17899931300140606,0.17899931300140606
2025-07-09,0.13386272257400333,,,,,0.0936948631045116,0.12524409384478782,,0.18103753210024276,0.18103753210024276,0.18103753210024276
2025-07-10,0.1288330468921622,,,,,0.09017442989197418,0.12053824922283102,,0.17423533911330602,0.17423533911330602,0.17423533911330602
2025-07-11,0.12939010802259218,,,,,0.0905643350526706,0.12105944448283538,,0.17498871518651607,0.17498871518651607,0.17498871518651607
2025-07-14,0.1300546956971451,,,,,0.09102950153061795,0.12168124328895032,,0.17588751143204145,0.17588751143204145,0.17588751143204145
2025-07-15,0.13129973466672298,,,,,0.09190094470442521,0.12284612156535031,,0.1775713168865165,0.1775713168865165,0.1775713168865165
2025-07-16,0.1319841358498293,,,,,0.0923799792999174,0.12348645820542631,,0.17849690915577263,0.17849690915577263,0.17849690915577263
2025-07-17,0.13166737392378974,,,,,0.0921582673495976,0.1231900907057333,,0.17806851657379877,0.17806851657379877,0.17806851657379877
2025-07-18,0.12587703051987542,,,,,0.08810541811625011,0.11777255325595919,,0.17023758754665275,0.17023758754665275,0.17023758754665275
2025-07-21,0.12684718104411338,,,,,0.08878445794758921,0.1186802415276814,,0.1715496306105961,0.1715496306105961,0.1715496306105961
2025-07-22,0.12558887249503026,,,,,0.08790372696451507,0.11750294802149303,,0.1698478792195715,0.1698478792195715,0.1698478792195715
2025-07-23,0.1253497466905842,,,,,0.08773635505483397,0.11727921811284586,,0.16952448264832326,0.16952448264832326,0.16952448264832326
2025-07-24,0.11109295808622148,,,,,0.07775756610664665,0.10394033977871524,,0.1502434328162325,0.1502434328162325,0.1502434328162325
2025-07-25,0.15178235513441113,,,,,0.07925547587684692,0.10594263046588691,,0.15313769915187372,0.15313769915187372,0.15313769915187372
2025-07-28,0.1520962793435826,,,,,0.07941939619923957,0.10616174655785357,,0.1534544265544629,0.1534544265544629,0.1534544265544629
2025-07-29,0.1565760491042344,,,,,0.08175857642796097,0.10928858295398625,,0.1579741985218229,0.1579741985218229,0.1579741985218229
2025-07-30,0.157301713502935,,,,,0.08213749318145953,0.10979508975555552,,0.1587063427573964,0.1587063427573964,0.1587063427573964
2025-07-31,0.1594619827884832,,,,,0.08326551079652837,0.11130293703083961,,0.16088590221702093,0.16088590221702093,0.16088590221702093
2025-08-01,0.16044774777299387,,,,,0.08378024304508873,0.11199099155066664,,0.16188046961254435,0.16188046961254435,0.16188046961254435
2025-08-04,0.16263594042599808,,,,,0.08492284127312717,0.11351832906905023,,0.16408820178197453,0.16408820178197453,0.16408820178197453
2025-08-05,0.1552538023841425,,,,,0.08106814509992752,0.10836566740476186,,0.15664014476935148,0.15664014476935148,0.15664014476935148
2025-08-06,0.15416887015224767,,,,,0.08050163115792942,0.10760839509585368,,0.15554552461023652,0.15554552461023652,0.15554552461023652
2025-08-07,0.15048816724956782,,,,,0.07857969589836085,0.10503929971498405,,0.15183195478666334,0.15183195478666334,0.15183195478666334
2025-08-08,0.14972219422318722,,,,,0.07817973137902749,0.1045046578772763,,0.1510591419865955,0.1510591419865955,0.1510591419865955
2025-08-11,0.1533650699950409,,,,,0.0800819146242593,0.10704735028304944,,0.15473454690111121,0.15473454690111121,0.15473454690111121
2025-08-12,0.153632070465088,,,,,0.08022133299930154,0.10723371405443359,,0.15500393155797246,0.15500393155797246,0.15500393155797246
2025-08-13,0.15262238200475034,,,,,0.07969410874230162,0.10652896117756253,,0.15398522706139636,0.15398522706139636,0.15398522706139636
2025-08-14,0.14972219422318722,,,,,0.07817973137902749,0.1045046578772763,,0.1510591419865955,0.1510591419865955,0.1510591419865955
2025-08-15,0.15074523620626337,,,,,0.07871392838195901,0.10521873138514973,,0.15209131924649708,0.15209131924649708,0.15209131924649708
2025-08-18,0.15406121032672235,,,,,0.08044541493505378,0.1075332495685521,,0.1554369034338327,0.1554369034338327,0.1554369034338327
2025-08-19,0.14846275450058316,,,,,0.0775220956843856,0.10362558101087929,,0.1497884560681349,0.1497884560681349,0.1497884560681349
2025-08-20,0.15002764582649875,,,,,0.07833922760081401,0.10471786017148359,,0.15136732112699658,0.15136732112699658,0.15136732112699658
2025-08-21,0.14886346368951842,,,,,0.07773133210998448,0.10390527218769677,,0.15019274339895308,0.15019274339895308,0.15019274339895308
2025-08-22,0.1394095754741652,,,,,0.0727948399285921,0.09730654874070561,,0.14065443647219492,0.14065443647219492,0.14065443647219492
2025-08-25,0.13664642501571164,,,,,0.07135201869742769,0.09537789617972538,,0.1378666123984196,0.1378666123984196,0.1378666123984196
2025-08-26,0.13870836415458432,,,,,0.07242869172398429,0.09681710995420725,,0.13994696367007134,0.13994696367007134,0.13994696367007134
2025-08-27,0.13758381863914346,,,,,0.07184149310071532,0.09603218795270758,,0.13881237649968722,0.13881237649968722,0.13881237649968722
2025-08-28,0.13870836415458432,,,,,0.07242869172398429,0.09681710995420725,,0.13994696367007134,0.13994696367007134,0.13994696367007134
2025-08-29,0.14060908424975557,,,,,0.07342118176354175,0.09814379437996598,,0.1418646562888773,0.1418646562888773,0.1418646562888773
2025-09-01,0.13766967437620375,,,,,0.07188632398564557,0.09609211443504938,,0.13889899888751855,0.13889899888751855,0.13889899888751855
2025-09-02,0.13879562956141342,,,,,0.07247425868952313,0.09687802037254899,,0.14003500831534976,0.14003500831534976,0.14003500831534976
2025-09-03,0.13626661716359878,,,,,0.07115369622421062,0.09511279393586572,,0.13748341304339,0.13748341304339,0.13748341304339
2025-09-04,0.13555493283432649,,,,,0.07078207937757112,0.09461604508888886,,0.13676537371259506,0.13676537371259506,0.13676537371259506
2025-09-05,0.131514547354913,,,,,0.06867233036482684,0.09179589471366119,,0.13268890951847898,0.13268890951847898,0.13268890951847898
2025-09-08,0.13202612399034488,,,,,0.06893945792160204,0.09215297030650306,,0.13320505428919716,0.13320505428919716,0.13320505428919716
2025-09-09,0.13135793580700597,,,,,0.06859055325215659,0.09168658135288277,,0.13253089950416697,0.13253089950416697,0.13253089950416697
2025-09-10,0.13314161326968402,,,,,0.06952192769281654,0.09293157114192313,,0.1343305043556116,0.1343305043556116,0.1343305043556116
2025-09-11,0.1312407217060479,,,,,0.06852934811838014,0.09160476703281775,,0.1324126387372091,0.1324126387372091,0.1324126387372091
2025-09-12,0.1326213725205088,,,,,0.06925027603666786,0.0925684480806532,,0.1338056181047481,0.1338056181047481,0.1338056181047481
2025-09-15,0.1310069199452889,,,,,0.06840726495664905,0.09144157564261676,,0.13217674923827105,0.13217674923827105,0.13217674923827105
2025-09-16,0.12767109559483011,,,,,0.0666654133026603,0.08911320218875382,,0.12881113756785212,0.12881113756785212,0.12881113756785212
2025-09-17,0.12962141785421055,,,,,0.06768380387015101,0.09047450845015666,,0.13077887527452906,0.13077887527452906,0.13077887527452906
2025-09-18,0.13439881400418308,,,,,0.0701783942656089,0.09380908521606252,,0.13559893129287143,0.13559893129287143,0.13559893129287143
2025-09-19,0.13801417152822432,,,,,0.07206620843728308,0.09633257014836824,,0.13924657223475037,0.13924657223475037,0.13924657223475037
2025-09-22,0.13732689274065765,,,,,0.07170733531714721,0.09585285613580244,,0.13855315637550478,0.13855315637550478,0.13855315637550478
2025-09-23,0.13322201279460533,,,,,0.06956390953321076,0.09298768924043879,,0.13441162180993266,0.13441162180993266,0.13441162180993266
2025-09-24,0.1312016968111011,,,,,0.06850897067320666,0.09157752802983445,,0.1323732653685688,0.1323732653685688,0.1323732653685688
2025-09-25,0.13108476125244592,,,,,0.06844791098454962,0.09149590812962961,,0.13225528563116368,0.13225528563116368,0.13225528563116368
2025-09-26,0.1360984905538966,,,,,0.07106590634608081,0.09499544317221877,,0.1373137851432748,0.1373137851432748,0.1373137851432748
2025-09-29,0.13715614124206807,,,,,0.07161817481317811,0.09573367322484713,,0.1383808801474967,0.1383808801474967,0.1383808801474967
2025-09-30,0.1415564024304564,,,,,0.07391583842604876,0.09880501339888778,,0.1327979470027317,0.1327979470027317,0.1327979470027317
2025-10-01,0.13810056537581633,,,,,0.07211132030484946,0.09639287222670838,,0.12955593139515328,0.12955593139515328,0.12955593139515328
2025-10-02,0.1353055217343553,,,,,0.07065184556086906,0.09444195852938769,,0.12693382422800206,0.12693382422800206,0.12693382422800206
2025-10-03,0.1365618404134116,,,,,0.07130785155493469,0.0953188569372743,,0.12811241126818776,0.12811241126818776,0.12811241126818776
2025-10-06,0.13555493283432649,,,,,0.07078207937757112,0.09461604508888886,,0.1271678036275007,0.1271678036275007,0.1271678036275007
2025-10-07,0.13690080868002885,,,,,0.07148484901458084,0.09555545354152443,,0.1284304067041622,0.1284304067041622,0.1284304067041622
2025-10-08,0.13719878929593687,,,,,0.07164044414614243,0.09576344115806383,,0.12870995049984912,0.12870995049984912,0.12870995049984912
2025-10-09,0.13555493283432649,,,,,0.07078207937757112,0.09461604508888886,,0.1271678036275007,0.1271678036275007,0.1271678036275007
2025-10-10,0.1360984905538966,,,,,0.07106590634608081,0.09499544317221877,,0.12767773004550115,0.12767773004550115,0.12767773004550115
2025-10-13,0.13073520188910606,,,,,0.06826538322192414,0.09125191904128392,,0.1226462817207451,0.1226462817207451,0.1226462817207451
2025-10-14,0.13127976982318745,,,,,0.06854973768937637,0.09163202224466922,,0.12315715584871012,0.12315715584871012,0.12315715584871012
2025-10-15,0.13214474584478383,,,,,0.06900139813536808,0.09223576722501745,,0.12396861359913589,0.12396861359913589,0.12396861359913589
2025-10-16,0.13222394557259012,,,,,0.06904275348336651,0.09229104787663568,,0.12404291303791272,0.12404291303791272,0.12404291303791272
2025-10-17,0.13370645647749482,,,,,0.06981686920424061,0.09332582629222219,,0.1254336972143984,0.1254336972143984,0.1254336972143984
2025-10-20,0.13116269511763762,,,,,0.06848860534304221,0.09155030522126434,,0.12304732485360127,0.12304732485360127,0.12304732485360127
2025-10-21,0.1343169882422323,,,,,0.07013566769375769,0.09375197161775745,,0.12600645382268333,0.12600645382268333,0.12600645382268333
2025-10-22,0.1292038964497021,,,,,0.06746578868931011,0.09018308250785746,,0.12120972205198088,0.12120972205198088,0.12120972205198088
2025-10-23,0.12585034408891416,,,,,0.06571468008385453,0.08784233507254227,,0.11806366252353528,0.11806366252353528,0.11806366252353528
2025-10-24,0.12055500174200356,,,,,0.06294963616775792,0.08414623682085608,,0.11309595650478543,0.11309595650478543,0.11309595650478543
2025-10-27,0.11989981151514481,,,,,0.06260751857988968,0.08368892031639491,,0.11248130456725944,0.11248130456725944,0.11248130456725944
2025-10-28,0.11973712520372669,,,,,0.06252256943663338,0.08357536682885569,,0.11232868407259558,0.11232868407259558,0.11232868407259558
2025-10-29,0.11660446785828031,,,,,0.060886804538581925,0.08138880199903098,,0.10938985222185905,0.10938985222185905,0.10938985222185905
2025-10-30,0.11022325453433492,,,,,0.06193431945537473,0.08278903945277774,,0.11127182817406309,0.11127182817406309,0.11127182817406309
2025-10-31,0.11418282006898517,,,,,0.06415919475744751,0.08576308180571798,,0.11526906176761759,0.11526906176761759,0.11526906176761759
2025-11-03,0.11517710867070945,,,,,0.06471788437471741,0.08650989515852057,,0.11627280921559402,0.11627280921559402,0.11627280921559402
2025-11-04,0.1195772840092522,,,,,0.06719033781685448,0.08981488094614559,,0.1207148442133318,0.1207148442133318,0.1207148442133318
2025-11-05,0.12013785727152816,,,,,0.06750532328567067,0.09023592931858576,,0.12128075030984901,0.12128075030984901,0.12128075030984901
2025-11-06,0.11488666485506474,,,,,0.06455468433006277,0.08629174187849069,,0.11597960235570601,0.11597960235570601,0.11597960235570601
2025-11-07,0.11688440902728787,,,,,0.06567721447377253,0.08779225392369819,,0.11799635142745574,0.11799635142745574,0.11799635142745574
2025-11-10,0.11785872574525032,,,,,0.06622468191261685,0.08852406633065055,,0.11897993699554893,0.11897993699554893,0.11897993699554893
2025-11-11,0.11224486911243528,,,,,0.06307026235258527,0.08430748063628066,,0.11331267473515322,0.11331267473515322,0.11331267473515322
2025-11-12,0.11501556994887115,,,,,0.06462711595343451,0.08638856290724635,,0.11610973374684845,0.11610973374684845,0.11610973374684845
2025-11-13,0.11295606249799621,,,,,0.0634698810947642,0.08484166026565655,,0.11403063383127128,0.11403063383127128,0.11403063383127128
2025-11-14,0.11199959215179621,,,,,0.06293244151160722,0.08412325232568513,,0.11306506441068416,0.11306506441068416,0.11306506441068416
2025-11-17,0.11437392102307563,,,,,0.0642665741628993,0.08590661834430495,,0.11546198069944622,0.11546198069944622,0.11546198069944622
2025-11-18,0.11599165682255336,,,,,0.0651755780407338,0.08712170488382835,,0.11709510631047092,0.11709510631047092,0.11709510631047092
2025-11-19,0.11936841539089547,,,,,0.06707297478136652,0.08965799905803006,,0.12050398859025173,0.12050398859025173,0.12050398859025173
2025-11-20,0.11809634414393036,,,,,0.06635819941647293,0.08870254227083331,,0.11921981590078189,0.11921981590078189,0.11921981590078189
2025-11-21,0.12258012163459664,,,,,0.06887762881135845,0.09207032190264072,,0.12374624837294908,0.12374624837294908,0.12374624837294908
2025-11-24,0.12733866672910746,,,,,0.0715514498055882,0.09564448036159416,,0.1285500623625822,0.1285500623625822,0.1285500623625822
2025-11-25,0.12841544217592413,,,,,0.07215648868587347,0.09645324984789641,,0.1296370813678405,0.1296370813678405,0.1296370813678405
2025-11-26,0.1242516687477958,,,,,0.06981686920424061,0.09332582629222219,,0.1254336972143984,0.1254336972143984,0.1254336972143984
2025-11-27,0.12261677836953531,,,,,0.06889822618839535,0.09209785489364034,,0.12378325382999843,0.12378325382999843,0.12378325382999843
2025-11-28,0.12320628211169651,,,,,0.06922946766045493,0.09254063304216743,,0.12437836562725803,0.12437836562725803,0.12437836562725803
2025-12-01,0.12138262488683424,,,,,0.06820475677146062,0.09117087826060782,,0.12253735962330216,0.12253735962330216,0.12253735962330216
2025-12-02,0.11961216653084195,,,,,0.06720993826545917,0.08984108131981716,,0.12075005857862156,0.12075005857862156,0.12075005857862156
2025-12-03,0.11612305490448194,,,,,0.0652494104712529,0.08722039840394596,,0.11722775440597981,0.11722775440597981,0.11722775440597981
2025-12-04,0.11806234001374194,,,,,0.06633909253498245,0.0886770016597562,,0.11918548828318881,0.11918548828318881,0.11918548828318881
2025-12-05,0.11199959215179621,,,,,0.06293244151160722,0.08412325232568513,,0.11306506441068416,0.11306506441068416,0.11306506441068416
2025-12-08,0.11178585247211727,,,,,0.06281234143238659,0.08396271176781168,,0.11284929138699965,0.11284929138699965,0.11284929138699965
2025-12-09,0.11361332969457624,,,,,0.06383919877361983,0.08533533576179918,,0.11469415372887633,0.11469415372887633,0.11469415372887633
2025-12-10,0.10745034247057801,,,,,0.06037622336844707,0.08070629632189028,,0.10847253689924391,0.10847253689924391,0.10847253689924391
2025-12-11,0.10801646650888465,,,,,0.060694327811905695,0.08113151389998241,,0.1090440465773221,0.1090440465773221,0.1090440465773221
2025-12-12,0.11193844031332942,,,,,0.06289808036418072,0.08407732098398395,,0.11300333082378233,0.11300333082378233,0.11300333082378233
2025-12-15,0.11022325453433492,,,,,0.06193431945537473,0.08278903945277774,,0.11127182817406309,0.11127182817406309,0.11127182817406309
2025-12-16,0.11255298019976012,,,,,0.0632433896167977,0.08453890386064597,,0.1136237169386535,0.1136237169386535,0.1136237169386535
2025-12-17,0.1116944992829545,,,,,0.06276101018087551,0.08389409609488784,,0.11275706913852213,0.11275706913852213,0.11275706913852213
2025-12-18,0.11130035474151079,,,,,0.06253954081813083,0.08359805286762574,,0.11235917502918422,0.11235917502918422,0.11235917502918422
2025-12-19,0.1108190559101962,,,,,0.06226909956053892,0.08323654777414412,,0.11187329751554452,0.11187329751554452,0.11187329751554452
2025-12-22,0.10972183753484765,,,,,0.061652573822315766,0.08241242353875657,,0.11076564110449953,0.11076564110449953,0.11076564110449953
2025-12-23,0.10855983766685881,,,,,0.06099964743817686,0.0815396417167946,,0.10959258692282624,0.10959258692282624,0.10959258692282624
2025-12-29,0.10655678452903482,,,,,0.05987413419282589,0.0800351420905232,,0.10757047838033128,0.10757047838033128,0.10757047838033128
2025-12-30,0.10562352057386036,,,,,0.059349734253991246,0.0793341645451657,,0.10662833611734021,0.10662833611734021,0.10662833611734021
