Instrument,Date,SourceDate,LookbackDays,REF_PE,PE_trial,REF_PCF,PCF_MktCap_div_OpCF,PCF_Price_div_CFPS_Act,PCF_Price_div_OpCFPS
ACCP.PA,2024-01-31,2024-01-31,0,16.2629727118839,26.40287769784173,16.243893365614,18.08402191093748,,16.565809591074803
ACCP.PA,2024-02-29,2024-02-29,0,17.7651928070689,18.05855855855856,17.7443510906666,15.754330407601246,,16.66912506548373
ACCP.PA,2024-03-31,2024-03-28,3,19.1876490033944,19.504504504504503,19.1651384940351,17.015777167601247,,18.00381928998367
ACCP.PA,2024-04-30,2024-04-30,0,18.9982569984502,18.60810810810811,14.3440466797135,15.595240782616665,,17.176392029312368
ACCP.PA,2024-05-31,2024-05-31,0,18.3452062858431,17.968468468468465,13.8509809260172,15.059166178130733,,16.585966546823293
ACCP.PA,2024-06-30,2024-06-28,2,17.6139734456703,17.252252252252248,13.3678446103152,14.533887130841107,,15.924856323472854
ACCP.PA,2024-07-31,2024-07-31,0,15.7779640792935,16.02252252252252,11.8870577917696,12.170877991853917,,13.16348845370504
ACCP.PA,2024-08-31,2024-08-30,1,16.8869016727215,17.148648648648646,12.7225271333333,13.026295337359466,,14.088670380448438
ACCP.PA,2024-09-30,2024-09-30,0,17.2994264574767,17.567567567567565,13.0333217283951,13.344510589887529,,14.432838057196982
ACCP.PA,2024-10-31,2024-10-31,0,18.4793360568841,18.765765765765764,13.9222611078189,14.254674645505618,,15.417231627251953
ACCP.PA,2024-11-30,2024-11-29,1,19.3753576323739,19.675675675675674,14.6000082436214,14.948603946067275,,16.16477862406062
ACCP.PA,2024-12-31,2024-12-31,0,20.8657697579411,21.189189189189186,15.7230858008231,16.09849655730337,,17.40822313360374
ACCP.PA,2025-01-31,2025-01-31,0,22.0722938595908,22.414414414414413,16.6322438233196,17.029362004494242,,18.414821069900558
ACCP.PA,2025-02-28,2025-02-28,0,21.3182162960597,20.626609442060087,16.0640200592593,16.378560312167693,,16.51591331721613
ACCP.PA,2025-03-31,2025-03-31,0,17.9604261796043,17.978540772532188,13.9633936946648,14.275861245874125,,14.395580708659669
ACCP.PA,2025-04-30,2025-04-30,0,18.5006538469784,18.519313304721027,14.4600840396033,14.78366633979021,,14.82858218139567
ACCP.PA,2025-05-31,2025-05-30,1,20.0441614680473,20.064377682403432,15.6664873430233,16.01706608076923,,16.06572924635568
ACCP.PA,2025-06-30,2025-06-30,0,19.0065813449954,19.025751072961373,14.8555162335021,15.187947366000001,,15.234091497132562
ACCP.PA,2025-07-31,2025-07-31,0,19.1480695435934,19.167381974248926,14.9661032029822,14.245080001796874,,14.197235342485536
ACCP.PA,2025-08-31,2025-08-29,2,18.8507592481102,18.141630901287556,13.0576930228373,13.482748134257681,,13.437463903422833
ACCP.PA,2025-09-30,2025-09-30,0,17.9722166477133,17.296137339055793,12.4491371852459,12.854382536328073,,12.811208784195411
ACCP.PA,2025-10-31,2025-10-31,0,19.6891653845296,18.948497854077253,13.6402979993065,14.084318116471355,,14.035108382685545
ACCP.PA,2025-11-30,2025-11-28,2,20.7906883403572,20.008583690987123,14.4034131988147,14.872274305546874,,14.820311501716876
ACCP.PA,2025-12-31,2025-12-31,0,21.5042254777354,20.69527896995708,14.8977388341236,15.382691270130207,,15.3289451010894
ASMI.AS,2024-01-31,2024-01-31,0,28.5284629724094,28.519337016574585,37.8472914730545,37.8472914730545,45.572525823254175,37.98557664997532
ASMI.AS,2024-02-29,2024-02-29,0,31.1536121223308,37.15886618325643,41.3299461514157,37.862976934773954,44.809220985691574,37.97036581481477
ASMI.AS,2024-03-31,2024-03-28,3,37.3165823048578,37.303889255108764,38.0107479996249,38.01074799962481,44.98410174880763,38.11855599539414
ASMI.AS,2024-04-30,2024-04-30,0,54.1288233255941,54.10909090909092,44.0472630833817,44.04726308338174,47.92270531400967,44.14182411291712
ASMI.AS,2024-05-31,2024-05-31,0,58.2212242826703,58.2,47.3774493044035,47.37744930440355,51.54589371980677,47.479159605325165
ASMI.AS,2024-06-30,2024-06-28,2,64.7326889165959,64.7090909090909,52.6761456027404,52.67614560274032,57.31078904991948,52.789231188801075
ASMI.AS,2024-07-31,2024-07-31,0,56.7382491557768,56.72336615935542,44.0767932895257,44.07679328952572,47.67494356659142,44.1286254870857
ASMI.AS,2024-08-31,2024-08-30,1,54.7144416574805,54.70008952551477,42.5046096904991,42.50460969049908,45.974416854778035,42.554593075456694
ASMI.AS,2024-09-30,2024-09-30,0,52.7801831635335,52.76633840644583,41.001991737447,41.001991737447064,44.34913468773514,41.050208115669676
ASMI.AS,2024-10-31,2024-10-31,0,45.9592719376562,45.978456014362656,31.719821344753,31.719940569641583,31.69554455445545,31.707864241190165
ASMI.AS,2024-11-30,2024-11-29,1,45.8874886156138,45.90664272890484,31.6702784765847,31.670397515257015,31.646039603960393,31.658340048700992
ASMI.AS,2024-12-31,2024-12-31,0,50.1406504466269,50.161579892280066,34.5356818639009,34.5358116727286,34.57920792079208,34.59264845368423
ASMI.AS,2025-01-31,2025-01-31,0,50.8764294975616,50.89766606822262,35.0424688919682,35.04260060564981,35.086633663366335,35.10027142669821
ASMI.AS,2025-02-28,2025-02-28,0,46.0490010902092,36.97406340057637,31.7174515614781,28.2018410647344,28.22882288228823,28.22859071322059
ASMI.AS,2025-03-31,2025-03-31,0,37.273489970524,29.92795389048991,25.6730892023343,22.827445008360712,22.84928492849285,22.849097003647373
ASMI.AS,2025-04-30,2025-04-30,0,43.4147934913538,43.44228804902963,19.0415880864319,19.0416399347955,19.063200358583597,19.02223732791983
ASMI.AS,2025-05-31,2025-05-30,1,48.9577591310916,48.98876404494383,21.4727148983135,21.472773366395316,21.49708650829225,21.450893539784506
ASMI.AS,2025-06-30,2025-06-30,0,55.4704885567873,55.50561797752809,24.3291769719424,24.329243217888283,24.356790676826535,24.304452772141158
ASMI.AS,2025-07-31,2025-07-31,0,40.0937114303185,40.02808988764045,18.4226886368421,18.42273691981095,18.434670116429494,18.416443146331638
ASMI.AS,2025-08-31,2025-08-29,2,38.5180989109516,38.45505617977528,17.6987092939206,17.698755679453377,17.710219922380336,17.692709240230183
ASMI.AS,2025-09-30,2025-09-30,0,47.9061235055128,47.827715355805246,22.0124195454946,22.01247723658338,22.026735661923244,22.00495709741801
ASMI.AS,2025-10-31,2025-10-31,0,35.3606789250354,35.32369578881207,23.8551924634418,23.853139913028663,23.813559322033896,23.817603080736937
ASMI.AS,2025-11-30,2025-11-28,2,29.8489432064711,29.81772470144563,20.1368386203858,20.135106004876867,20.101694915254235,20.105108365661213
ASMI.AS,2025-12-31,2025-12-31,0,32.5670594512426,32.532998114393465,21.9705473649066,21.968656973280492,21.93220338983051,21.935927677205406
IMCD.AS,2024-01-31,2024-01-31,0,27.9911059246527,25.865209471766846,19.4439392001153,19.443939200115334,,19.418388798641498
IMCD.AS,2024-02-29,2024-02-29,0,27.7742734139688,25.664845173041893,19.2933171358891,19.293317135889087,,19.26796466006047
IMCD.AS,2024-03-31,2024-03-28,3,31.8114719938305,31.842105263157894,22.1637840333993,22.1637840333992,,22.136824810068568
IMCD.AS,2024-04-30,2024-04-30,0,27.7023684794759,27.72904483430799,19.3008771273404,19.30087712734043,,19.277400240172966
IMCD.AS,2024-05-31,2024-05-31,0,27.1473473886745,27.173489278752438,18.9141811708348,18.91418117083482,,18.891174646608867
IMCD.AS,2024-06-30,2024-06-28,2,25.1804305405711,25.2046783625731,17.5437849740957,17.54378497409573,,17.522445350118556
IMCD.AS,2024-07-31,2024-07-31,0,25.900984237401,25.925925925925927,18.0458113035942,18.045811303594196,,18.023861032991245
IMCD.AS,2024-08-31,2024-08-30,1,29.9628808965348,28.810916179337234,21.3346304091997,21.334630409199686,,21.312862503820057
IMCD.AS,2024-09-30,2024-09-30,0,31.6049602961419,30.389863547758285,22.5038489904887,22.503848990488738,,22.48088812141777
IMCD.AS,2024-10-31,2024-10-31,0,29.608110655879,28.469785575048736,21.0820214564521,21.082021456452058,,21.060511290141537
IMCD.AS,2024-11-30,2024-11-29,1,28.8073435412557,27.69980506822612,21.274957023012,21.23072774342631,,20.490918550695735
IMCD.AS,2024-12-31,2024-12-31,0,29.0911597337804,27.97270955165692,21.4845625109234,21.48456251092339,,20.692799521638552
IMCD.AS,2025-01-31,2025-01-31,0,30.6926939630269,29.512670565302145,22.6673363355666,22.66733633556656,,21.83198500053015
IMCD.AS,2025-02-28,2025-02-28,0,28.9593879301082,27.846003898635477,21.3872456772502,21.387245677250217,,20.599069070843672
IMCD.AS,2025-03-31,2025-03-31,0,25.2176863055524,25.236625514403293,25.9646720294761,25.988567106699403,,25.126184529380982
IMCD.AS,2025-04-30,2025-04-30,0,24.0251662845805,24.04320987654321,24.7368277753304,24.86356054129949,,23.93799153899851
IMCD.AS,2025-05-31,2025-05-30,1,24.5700245700246,24.58847736625514,25.2978255811039,25.35133064186007,,24.480872819087054
IMCD.AS,2025-06-30,2025-06-30,0,23.4494669641113,23.46707818930041,24.1440753767774,24.144075376777334,,23.364381129848354
IMCD.AS,2025-07-31,2025-07-31,0,21.0358955543325,19.81893004115226,23.7367468289897,23.73674682898962,,23.36517240274759
IMCD.AS,2025-08-31,2025-08-29,2,20.9616409396266,19.74897119341564,23.6529584784721,23.652958478472055,,23.282695672920617
IMCD.AS,2025-09-30,2025-09-30,0,19.2188414532939,18.10699588477366,21.6863966045587,21.671648797093777,,21.3469183081581
IMCD.AS,2025-10-31,2025-10-31,0,19.651265385993,18.51440329218107,22.1743405281613,22.174340528161235,,21.827223970091655
IMCD.AS,2025-11-30,2025-11-28,2,16.8776371308017,15.901234567901234,19.0445992000034,19.044599200003336,,18.74647553243702
IMCD.AS,2025-12-31,2025-12-31,0,16.890740886338,15.91358024691358,19.0593853795065,19.05938537950644,,18.76103024946531
MNG.L,2024-01-31,2024-01-31,0,,-3.5330498502517393,24.4679274741153,248.70131841610734,,118.01855106653002
MNG.L,2024-02-29,2024-02-29,0,,-3.5294357933532448,24.5362914967742,248.47581865802326,,117.8978265433247
MNG.L,2024-03-31,2024-03-28,3,17.4972226630694,17.88062761830367,3.03947307853403,3.4630158730206033,,3.4381133811782094
MNG.L,2024-04-30,2024-04-30,0,15.9577844786542,16.321664539083645,2.7844977280925,3.1752743930524883,,3.1383536670425354
MNG.L,2024-05-31,2024-05-31,0,15.7990795111887,16.213797668526528,2.75688622819081,3.15438246095317,,3.11761286649767
MNG.L,2024-06-30,2024-06-28,2,16.1879066814791,16.68353805055013,2.82473526143106,3.2457701082242925,,3.207935238149876
MNG.L,2024-07-31,2024-07-31,0,16.8465322964609,17.473354881431277,2.93983025219896,3.3996215553054947,,3.359802380226729
MNG.L,2024-08-31,2024-08-30,1,17.0131725122996,17.654619117721015,2.96891006157068,3.434888383517833,,3.394656134223532
MNG.L,2024-09-30,2024-09-30,0,29.0761250525726,17.23467912273726,3.80647146331072,4.63904778009338,,4.604444288278459
MNG.L,2024-10-31,2024-10-31,0,27.1905229216319,15.90655312639782,3.55971719217039,4.281674118460656,,4.249620034550896
MNG.L,2024-11-30,2024-11-29,1,27.7863451563157,16.51987354574527,3.63772079138011,4.446765709641743,,4.413475693344292
MNG.L,2024-12-31,2024-12-31,0,27.7372774428712,16.545151319276417,3.66679089555821,4.4971010938408895,,4.420228943528239
MNG.L,2025-01-31,2025-01-31,0,29.2303378662554,17.252234914556695,3.86435484728605,4.689517059009299,,4.609134521545556
MNG.L,2025-02-28,2025-02-28,0,29.6649376139072,17.750892880689523,3.92245219212645,4.825852192886277,,4.742356776953592
MNG.L,2025-03-31,2025-03-31,0,,-13.164211664177417,7.04993273199411,14.224715968267782,,13.975431509651276
MNG.L,2025-04-30,2025-04-30,0,,-13.550061344482433,7.366552897678,14.642698018620955,,14.385058452584556
MNG.L,2025-05-31,2025-05-30,1,,-15.590946712292048,8.4072472077164,16.848154316693485,,16.551709552132564
MNG.L,2025-06-30,2025-06-30,0,,-16.629374519000947,9.12920098886265,17.97214212903076,,17.65412852416027
MNG.L,2025-07-31,2025-07-31,0,,-16.805198821850993,9.29284084246973,18.162628468136557,,17.84078766979674
MNG.L,2025-08-31,2025-08-29,2,,-17.01334672726861,9.41717166413886,18.387589393181113,,18.061762299364354
MNG.L,2025-09-30,2025-09-30,0,,-16.09496780183973,3.94081052814119,4.814983189845401,,4.9010576857849
MNG.L,2025-10-31,2025-10-31,0,,-16.671399134711017,4.10134242243006,4.987545259836551,,5.076586040304076
MNG.L,2025-11-30,2025-11-28,2,,-17.267689452004525,4.24309029954405,5.1659361028289394,,5.258161628308447
MNG.L,2025-12-31,2025-12-31,0,,-18.244319068076212,4.46871177637306,5.467346755925036,,5.55555384088971
NEXII.MI,2024-01-31,2024-01-31,0,431.92261185006,64.94545454545455,24.0586932302292,23.8132219261733,,25.076302265829174
NEXII.MI,2024-02-29,2024-02-29,0,409.552599758162,61.58181818181818,22.8126522874542,22.579894362807877,,23.77755760760454
NEXII.MI,2024-03-31,2024-03-28,3,355.139056831923,-7.728947368421052,19.7817418861095,8.530602280506553,,8.655444895451128
NEXII.MI,2024-04-30,2024-04-30,0,,-7.207894736842105,7.96638407988486,7.955505497551053,,8.07193175643195
NEXII.MI,2024-05-31,2024-05-31,0,,-8.013157894736842,8.85638536810858,8.844291434845927,,8.973724789461588
NEXII.MI,2024-06-30,2024-06-28,2,,-7.492105263157894,8.28548152916147,8.274167199838876,,8.39021165044241
NEXII.MI,2024-07-31,2024-07-31,0,,-7.468421052631579,8.09478817349272,5.861059190978457,,5.967795463560485
NEXII.MI,2024-08-31,2024-08-30,1,,-8.307894736842105,8.4935170332935,6.519860417871384,,6.638594178456818
NEXII.MI,2024-09-30,2024-09-30,0,,-8.01578947368421,8.19488529724802,6.29062237340394,,6.4051814594803504
NEXII.MI,2024-10-31,2024-10-31,0,,-7.634210526315789,7.4603631102408,5.726782669033578,,6.10027295270929
NEXII.MI,2024-11-30,2024-11-29,1,,-7.373684210526315,7.20576953977757,5.531349547960035,,5.892094041189738
NEXII.MI,2024-12-31,2024-12-30,1,,-7.052631578947369,6.8920279680956,5.2905127724956795,,5.635550332044432
NEXII.MI,2025-01-31,2025-01-31,0,,-6.473684210526316,6.32626447817731,4.856216947887825,,5.17293052866765
NEXII.MI,2025-02-28,2025-02-28,0,,38.92307692307692,6.5062801340604,4.845629286494945,,5.037370806318396
NEXII.MI,2025-03-31,2025-03-31,0,,37.784615384615385,6.3159778692697,4.703899418036207,,4.89003268787272
NEXII.MI,2025-04-30,2025-04-30,0,,39.56923076923077,6.61428952759026,4.926070563187746,,5.120995143814592
NEXII.MI,2025-05-31,2025-05-30,1,35.2878464818763,40.738461538461536,6.68882033001106,5.0716309686318715,,5.272315373569611
NEXII.MI,2025-06-30,2025-06-30,0,33.8086353944563,39.03076923076923,6.40843548989352,4.859036165943745,,5.051308195901096
NEXII.MI,2025-07-31,2025-07-31,0,33.3821961620469,38.53846153846153,6.32760382427405,4.786569363653442,,4.970242922682833
NEXII.MI,2025-08-31,2025-08-29,2,31.3428521879877,41.707692307692305,6.84795767169939,5.1801954270916175,,5.378973478400463
NEXII.MI,2025-09-30,2025-09-30,0,27.8397595236719,37.04615384615384,6.08258283786504,4.601221168733527,,4.777782418291522
NEXII.MI,2025-10-31,2025-10-31,0,26.3945892826175,35.12307692307692,5.49660005700452,4.157949544215046,,4.529766304385192
NEXII.MI,2025-11-30,2025-11-28,2,23.2325567951905,30.915384615384614,4.83811555608874,3.6598333811213903,,3.987107047158145
NEXII.MI,2025-12-31,2025-12-30,1,24.4002543499624,32.46923076923077,5.08128533522034,3.8437812146587182,,4.187504067194459
PNN.L,2024-01-31,2024-01-31,0,,inf,25.178488659601,24.1046272728774,,22.10309769190209
PNN.L,2024-02-29,2024-02-29,0,,inf,23.5927058150873,22.503124316185378,,20.63348541186896
PNN.L,2024-03-31,2024-03-28,3,,inf,23.0933892899003,22.057518645022743,,20.224902230876346
PNN.L,2024-04-30,2024-04-30,0,,inf,23.735588157419,22.690663131166534,,20.805249580816565
PNN.L,2024-05-31,2024-05-31,0,,-173.14662477236257,22.1841259713217,11.554777876016548,,10.822077305001015
PNN.L,2024-06-30,2024-06-28,2,,-160.3251176305371,11.0170426516118,10.699146602497247,,10.020702506977198
PNN.L,2024-07-31,2024-07-31,0,,-174.4327987439905,11.9103163801209,11.640609491686876,,10.90246624799622
PNN.L,2024-08-31,2024-08-30,1,,-169.87168791590568,11.593348282908,11.336228031432002,,10.617385935035422
PNN.L,2024-09-30,2024-09-30,0,,-168.4080626515808,11.3725657456011,11.238687406490639,,10.525905862715787
PNN.L,2024-10-31,2024-10-31,0,,-152.87304055827946,10.4600710278375,10.201959981386542,,9.554929903758248
PNN.L,2024-11-30,2024-11-29,1,,-172.32681199065945,9.95865922881064,9.854116421273547,,9.43490254384427
PNN.L,2024-12-31,2024-12-31,0,,-170.17191467632225,9.80176492918593,9.730893524232359,,9.316921795997178
PNN.L,2025-01-31,2025-01-31,0,,-163.9832975091629,9.54577949295613,9.377011540648798,,8.978094661793158
PNN.L,2025-02-28,2025-02-28,0,,-153.25904422187733,11.4123261870901,11.365602547706027,,8.390941197673337
PNN.L,2025-03-31,2025-03-31,0,,-161.5085040052076,12.208028012933,11.97737773922342,,8.842599579767137
PNN.L,2025-04-30,2025-04-30,0,,-177.93167624252177,13.652281326963,13.195310743892344,,9.741769173458843
PNN.L,2025-05-31,2025-05-30,1,,-182.25315138104244,13.870281827194,13.515788853967907,,9.97837017771695
PNN.L,2025-06-30,2025-06-30,0,,-30.534276661933614,25.3148765145455,22.242916392124748,,16.84771580490051
PNN.L,2025-07-31,2025-07-31,0,,-30.12713661537718,25.1583937285134,21.946332257655097,,16.623070568560976
PNN.L,2025-08-31,2025-08-29,2,,-28.599973237723834,23.9065314402567,20.833858964039845,,15.780436735795861
PNN.L,2025-09-30,2025-09-30,0,,-27.990973390509748,23.6037181439145,20.390277491330163,,15.44441252062649
PNN.L,2025-10-31,2025-10-31,0,,-30.89184582381269,26.1731406800001,22.503504399003155,,17.04500960971644
PNN.L,2025-11-30,2025-11-28,2,126.374885426215,-32.89626192814081,13.7648878583818,12.446789688119123,,11.93901506477659
PNN.L,2025-12-31,2025-12-31,0,120.875343721357,-31.61921015138444,13.1658718863036,11.963598165603699,,11.47553564469843
RBREW.CO,2024-01-31,2024-01-31,0,21.7537038922323,21.817197043290978,17.136850037679,17.130356495301736,17.02254543987266,17.009212829543216
RBREW.CO,2024-02-29,2024-02-29,0,20.3337441573421,20.442700470330493,12.6446370287001,12.645297569806345,12.567263134741237,12.563109410325769
RBREW.CO,2024-03-31,,,,,,,,
RBREW.CO,2024-04-30,2024-04-30,0,23.9861861373473,24.095810367550992,15.3388888888889,15.321464756724628,15.178856422631954,15.171074128076071
RBREW.CO,2024-05-31,2024-05-31,0,25.5761795366032,25.7103290734711,16.3556712962963,16.348066106689636,16.195902425858183,16.1875986854599
RBREW.CO,2024-06-30,2024-06-28,2,25.0764673254085,25.196783331115387,16.0361111111111,16.02152498304826,15.87240066473175,15.864262785708284
RBREW.CO,2024-07-31,2024-07-31,0,24.5994693056317,24.702340905229182,15.7310763888889,15.707130817137715,15.560932800513688,15.552954613010884
RBREW.CO,2024-08-31,2024-08-30,1,23.9186730945253,24.033963129588944,14.7569553805775,14.747594894753316,14.70094959700977,14.614970361475608
RBREW.CO,2024-09-30,2024-09-30,0,24.0254528851259,24.153441216265378,14.8228346456693,14.820908414109434,14.774031232389955,14.687624575273254
RBREW.CO,2024-10-31,2024-10-31,0,21.8898570731147,21.993489041302258,13.5052493438321,13.495529844763908,13.452844714591235,13.374165082592794
RBREW.CO,2024-11-30,2024-11-29,1,18.0092143476005,18.08176703795062,13.2742786069652,13.283524098715272,13.2720399031643,13.201178098951823
RBREW.CO,2024-12-31,2024-12-30,1,17.1282367877932,17.19576757047058,12.6249253731344,12.632636646564213,12.621715172074843,12.55432556837602
RBREW.CO,2025-01-31,2025-01-31,0,16.8402248932408,16.895107987043833,12.4126368159204,12.411761174959263,12.401030657108281,12.334819327661673
RBREW.CO,2025-02-28,2025-02-28,0,18.7203090267385,18.72967252622999,12.5786660575606,12.589513531870175,12.531644781489124,12.469056183165838
RBREW.CO,2025-03-31,2025-03-31,0,18.7885690414212,18.785250060959566,12.6245317496574,12.626871052380247,12.568830585036222,12.50605626429883
RBREW.CO,2025-04-30,2025-04-30,0,17.5672732605295,17.55710813263833,11.7424932975872,11.73831610766187,11.66161667557697,11.605170400291525
RBREW.CO,2025-05-31,2025-05-28,3,18.3055349830351,18.31510361387086,12.2359696157284,12.245096068215085,12.165085280837816,12.106202042626839
RBREW.CO,2025-06-30,2025-06-30,0,17.3659291543917,17.366094117820904,11.607908847185,11.610608123523397,11.534743149274375,11.47891098592481
RBREW.CO,2025-07-31,2025-07-31,0,16.4498134714643,16.439471315300175,10.9955495978553,10.991087454949485,10.919270496021326,10.866417434093343
RBREW.CO,2025-08-31,2025-08-29,2,15.8014187943293,15.797673501638213,11.5647663551402,11.56988017938538,,11.46600612840903
RBREW.CO,2025-09-30,2025-09-30,0,15.5450063189649,15.539265111703651,11.3771028037383,11.38062736892687,,11.278452424231338
RBREW.CO,2025-10-31,2025-10-31,0,15.6924434922995,15.68377863990847,11.4850093457944,11.486466004309257,,11.383340843393984
RBREW.CO,2025-11-30,2025-11-28,2,19.2415584558891,19.2357752149378,11.4473232529628,11.437398009735313,,11.314772483626346
RBREW.CO,2025-12-31,2025-12-30,1,19.8105292704449,19.806434023707585,11.785819370658,11.776705984107606,,11.650442583472033
RECI.MI,2024-01-31,2024-01-31,0,28.2440772775572,28.280044101433294,21.0543554684189,21.05435546841882,,20.76620410032225
RECI.MI,2024-02-29,2024-02-29,0,28.4973380094808,27.546567323044172,21.2431469599485,22.303511864484804,,22.011655238717818
RECI.MI,2024-03-31,2024-03-28,3,28.2110432690455,27.269824374667376,21.0297304912628,22.07944257991115,,21.79051805316656
RECI.MI,2024-04-30,2024-04-30,0,26.5848670756646,26.63650878126663,21.566668640214,21.566668640213962,,21.284454109308864
RECI.MI,2024-05-31,2024-05-31,0,26.9840827363198,25.785828449653703,19.1538081836951,19.15380818369487,,19.746148632674252
RECI.MI,2024-06-30,2024-06-28,2,27.1513394474953,25.94565796483751,19.2725301352469,19.272530135246697,,19.86854211593463
RECI.MI,2024-07-31,2024-07-31,0,28.0712513589608,27.27518959913326,19.925500868782,21.88929552420608,,22.698035870769772
RECI.MI,2024-08-31,2024-08-30,1,29.7273497226382,28.710725893824485,23.0413637096909,23.041363709690625,,23.89266933765239
RECI.MI,2024-09-30,2024-09-30,0,28.4933842624532,27.518959913326107,22.0849297443829,22.084929744382702,,22.900898157598892
RECI.MI,2024-10-31,2024-10-31,0,29.2225456707444,28.223185265438786,22.6500952693376,22.65009526933738,,23.486944763994142
RECI.MI,2024-11-30,2024-11-29,1,26.3422810218046,25.545094152626366,20.3248878058989,20.3248878058989,,20.99094476671169
RECI.MI,2024-12-31,2024-12-30,1,25.8568267643707,25.07433102081269,19.9503263429386,19.95032634293859,,20.60410873318354
RECI.MI,2025-01-31,2025-01-31,0,30.0215132886715,29.112983151635284,23.1636694199139,23.163669419913877,,23.922754705030297
RECI.MI,2025-02-28,2025-02-28,0,27.7475433459551,27.28643216080402,21.409144672363,19.92478912896241,,20.517899170160078
RECI.MI,2025-03-31,2025-03-31,0,27.1830934672218,26.281407035175878,19.1909110763303,19.190911076330103,,19.762175443819007
RECI.MI,2025-04-30,2025-04-30,0,26.949204517695,26.05527638190955,19.0257885144881,19.02578851448787,,19.592137605392267
RECI.MI,2025-05-31,2025-05-30,1,26.0619761690869,26.54600301659125,18.9181550911315,18.91815509113134,,18.663163403172312
RECI.MI,2025-06-30,2025-06-30,0,26.3581349891902,26.847662141779786,19.133134126258,19.133134126258003,,18.87524480548109
RECI.MI,2025-07-31,2025-07-31,0,24.8773408886739,26.019617965926688,18.0582389506256,18.33263387357677,,18.08139648839615
RECI.MI,2025-08-31,2025-08-29,2,26.7138653823754,27.232834279814146,19.1874293022059,19.18742930220585,,18.924477475454307
RECI.MI,2025-09-30,2025-09-30,0,26.1821201946694,26.690758905524007,18.8054994298397,18.805499429839667,,18.54778171527939
RECI.MI,2025-10-31,2025-10-31,0,26.0808353970111,26.587506453278266,18.7327508827223,18.7327508827223,,18.476030141912734
RECI.MI,2025-11-30,2025-11-28,2,25.9227004425703,26.455301455301456,19.7259731261247,19.72597312612464,,19.426871042843118
RECI.MI,2025-12-31,2025-12-30,1,24.7207834868833,25.22869022869023,18.8113700499429,18.81137004994283,,18.526135961092432
TTEF.PA,2024-01-31,2024-01-31,0,8.28240727687591,8.277615181328047,5.20137200936188,5.155616433537406,5.341426691496498,5.261458572976114
TTEF.PA,2024-02-29,2024-02-29,0,8.11968942723766,7.351358039088861,5.04548119260115,3.7425675612186575,3.8169551051985797,3.8108574665562043
TTEF.PA,2024-03-31,2024-03-28,3,8.72342909908282,7.909657479928293,5.42063804888479,4.026797136981634,4.106834048600676,4.10027332433162
TTEF.PA,2024-04-30,2024-04-30,0,8.24844026050347,8.29897197165292,4.62946087612514,4.69990983390575,4.744795961021043,4.755502114829348
TTEF.PA,2024-05-31,2024-05-31,0,8.19148604246841,8.10780160111477,4.59749515705626,4.5916453997671125,4.635497555737281,4.645957088711396
TTEF.PA,2024-06-30,2024-06-28,2,7.5293564082858,7.541550123824558,4.24505297295396,4.290348038944619,4.311752912238542,4.321481948058219
TTEF.PA,2024-07-31,2024-07-31,0,7.65612286554709,7.577218471740279,4.40404299078542,4.39234314478778,4.342410936979667,4.35654079189979
TTEF.PA,2024-08-31,2024-08-30,1,7.77691847543045,7.542048923776055,4.47352842987345,4.371956148757236,4.322255700556426,4.336319971962995
TTEF.PA,2024-09-30,2024-09-30,0,7.3730660097242,7.094546744507143,4.24121977284958,4.1125491992651275,4.065797692274497,4.079027470008606
TTEF.PA,2024-10-31,2024-10-31,0,7.0713718686864,8.773207004858614,4.06767580150377,4.314245742371883,4.237866765957769,4.283026495311829
TTEF.PA,2024-11-30,2024-11-29,1,8.22909280731675,8.401797718764426,4.04030662697952,4.131604328539763,4.058458817503459,4.101706732531206
TTEF.PA,2024-12-31,2024-12-31,0,7.82190436592756,8.157248394587182,3.84038590707812,4.011346607498007,3.9403301271631723,3.9823192344040477
TTEF.PA,2025-01-31,2025-01-31,0,8.27170894061397,8.618835243971729,4.06123022692044,4.2383330559642935,4.163298030180463,4.20766313711906
TTEF.PA,2025-02-28,2025-02-28,0,8.48615666330551,9.264745737567562,3.94474606849863,4.582011197945337,4.6123101104024835,4.601930415882059
TTEF.PA,2025-03-31,2025-03-31,0,9.1356171607359,9.566194716221542,4.24664442431873,4.731097059006903,4.762381813544689,4.751664392722804
TTEF.PA,2025-04-30,2025-04-30,0,8.68586276854463,9.344188811353066,4.26352623769598,3.995807494375733,,4.010443180322269
TTEF.PA,2025-05-31,2025-05-30,1,9.84920313874935,9.435512001456203,4.25843609573979,4.034859561365332,,4.049638285681165
TTEF.PA,2025-06-30,2025-06-30,0,10.3174384290444,9.515876408746966,4.48279292928375,4.089210783950142,,4.084129978396994
TTEF.PA,2025-07-31,2025-07-31,0,10.7693793802326,10.414436306622868,4.80337459026629,4.573041380933573,,4.565687004055165
TTEF.PA,2025-08-31,2025-08-29,2,11.3367936915634,10.710733225765539,5.05645356436232,4.703147133409153,,4.695583520125938
TTEF.PA,2025-09-30,2025-09-30,0,11.007640945983,10.356378126520585,4.74904461805319,4.398792508506672,,4.540234308338594
TTEF.PA,2025-10-31,2025-10-31,0,10.046411591051,9.754185309379707,4.67364919205681,4.480750640802861,,4.548689960533544
TTEF.PA,2025-11-30,2025-11-28,2,10.6330549939644,10.269466646390496,4.9465591202638,4.717453872059361,,4.7889822012660845
TTEF.PA,2025-12-31,2025-12-31,0,10.5411098909451,10.05069807874732,4.90378572276311,4.61695881598204,,4.686963390288409
UCB.BR,2024-01-31,2024-01-31,0,51.1207926357951,50.172413793103445,17.4157373778462,20.58223508290897,,20.15822969920716
UCB.BR,2024-02-29,2024-02-29,0,60.4931469500662,58.83977900552486,27.2205684323259,33.573504987034035,,33.731418814099904
UCB.BR,2024-03-31,2024-03-28,3,64.9804320289912,63.204419889502766,29.2397467479632,36.063933995461916,,36.23356161815051
UCB.BR,2024-04-30,2024-04-30,0,70.7457413392558,68.8121546961326,31.8340074952694,39.26366240502415,,39.4483400309497
UCB.BR,2024-05-31,2024-05-31,0,73.074585494141,71.07734806629834,32.881935481866,40.55616353598055,,40.74692047355824
UCB.BR,2024-06-30,2024-06-28,2,78.7830937274571,76.62983425414363,35.4506370099869,43.72436752771475,,43.93002619263527
UCB.BR,2024-07-31,2024-07-31,0,125.711266460738,125.73170731707317,33.8361079974128,41.49006897889655,,41.68353424292839
UCB.BR,2024-08-31,2024-08-30,1,133.067793854658,133.08943089430895,35.8161712200225,43.918036158068965,,44.12282286173538
UCB.BR,2024-09-30,2024-09-30,0,131.685904730938,131.70731707317074,35.4442256422947,43.46195392551724,,43.664613949915285
UCB.BR,2024-10-31,2024-10-31,0,143.716468866851,143.739837398374,38.6823400836895,47.432552185379315,,47.653726829290264
UCB.BR,2024-11-30,2024-11-29,1,150.666558283206,150.6910569105691,40.553007548144,49.72637753144813,,49.958248121091344
UCB.BR,2024-12-31,2024-12-31,0,156.234758575841,156.260162601626,42.0517294348706,51.56412064496538,,51.80456050107233
UCB.BR,2025-01-31,2025-01-31,0,152.983254755324,153.0081300813008,41.1765633696288,50.49098598013779,,50.72642188502504
UCB.BR,2025-02-28,2025-02-28,0,33.116327599007,33.12956204379562,28.4319663525765,32.636323669038816,,32.60242997657525
UCB.BR,2025-03-31,2025-03-31,0,29.6870411277245,29.698905109489047,25.4877583248792,29.256742920055363,,29.2263590123251
UCB.BR,2025-04-30,2025-04-30,0,29.3951869599558,29.40693430656934,25.237187428905,28.969119026524954,,28.939033823878283
UCB.BR,2025-05-31,2025-05-30,1,29.1671758913865,29.17883211678832,25.0414289164251,28.74441285970425,,28.714561020404204
UCB.BR,2025-06-30,2025-06-30,0,30.4531583181174,30.46532846715328,26.1455069268116,30.01175564057292,,29.980587631998006
UCB.BR,2025-07-31,2025-07-31,0,34.7397664072205,27.762390670553934,29.8257669614332,25.285735539999997,,25.240667614639534
UCB.BR,2025-08-31,2025-08-29,2,29.1291286914266,29.132653061224488,24.664946542703,26.533758192013654,,26.48646585868055
UCB.BR,2025-09-30,2025-09-30,0,34.2524155240692,34.25655976676385,29.0030644860406,31.200566300341297,,31.144956101025418
UCB.BR,2025-10-31,2025-10-31,0,32.4304785281081,32.434402332361515,27.4603482899746,29.540961709897612,,29.488309499907043
UCB.BR,2025-11-30,2025-11-28,2,35.0540678022921,35.05830903790087,29.6818596123096,31.93079232013652,,31.873880605517503
UCB.BR,2025-12-31,2025-12-31,0,34.777133378906,34.78134110787172,29.4473667505076,31.67853242238908,,31.622070322147508
